iso3,country,income_level,year,hiv_prevalence_pct,art_coverage_pct,pmtct_coverage_pct,aids_deaths,new_infections,women_share_of_plhiv_pct,population,gdp_per_capita_usd,unemployment_pct,aids_deaths_per_100k,new_infections_per_100k
AGO,Angola,Lower middle income,2000,1.4,0.0,0.0,9200.0,20000.0,70.7290218330227,16194869,563.733795571487,16.646,56.808116200260706,123.49590478317548
AGO,Angola,Lower middle income,2001,1.4,0.0,0.0,10000.0,21000.0,70.8497763769436,16747208,533.586202412447,16.668,59.71144563320644,125.39403582973353
AGO,Angola,Lower middle income,2002,1.5,0.0,0.0,11000.0,22000.0,70.9285463736011,17327699,999.065855956628,16.432,63.48217383046647,126.96434766093294
AGO,Angola,Lower middle income,2003,1.5,0.0,0.0,12000.0,24000.0,70.9635142364799,17943712,1133.66331960414,16.445,66.87579470736044,133.75158941472088
AGO,Angola,Lower middle income,2004,1.6,0.0,1.0,13000.0,24000.0,70.9842916035067,18600423,1451.47117870872,16.313,69.89088366431237,129.02932368796127
AGO,Angola,Lower middle income,2005,1.6,0.0,2.0,14000.0,26000.0,70.9875712697427,19291161,2145.88621098663,16.295,72.57209661979391,134.77675086533154
AGO,Angola,Lower middle income,2006,1.6,2.0,9.0,14000.0,25000.0,70.9567239258404,20015279,2930.44428606516,16.123,69.94656432218606,124.90457914676082
AGO,Angola,Lower middle income,2007,1.7,3.0,9.0,15000.0,26000.0,70.8918551095964,20778561,3515.05678985496,16.066,72.18979216125697,125.12897307951211
AGO,Angola,Lower middle income,2008,1.7,5.0,11.0,15000.0,27000.0,70.8138211074574,21578655,4578.15526451058,16.152,69.51313694018465,125.12364649233236
AGO,Angola,Lower middle income,2009,1.7,7.0,13.0,15000.0,27000.0,70.7356399756586,22414773,3645.14846565169,16.383,66.92015127701717,120.4562722986309
AGO,Angola,Lower middle income,2010,1.7,9.0,14.0,16000.0,27000.0,70.6727720450428,23294825,4101.63715564669,16.595,68.68478299364773,115.90557130178054
AGO,Angola,Lower middle income,2011,1.8,10.0,10.0,16000.0,28000.0,70.6261043611606,24218352,5184.15269151846,16.77,66.06560182129651,115.6148031872689
AGO,Angola,Lower middle income,2012,1.8,12.0,12.0,17000.0,28000.0,70.6157539499267,25177394,5702.45306277434,16.539,67.5208879838795,111.21087432638978
AGO,Angola,Lower middle income,2013,1.8,17.0,20.0,16000.0,27000.0,70.739806043943,26165620,5688.57916213471,16.464,61.14894277299754,103.18884092943335
AGO,Angola,Lower middle income,2014,1.8,22.0,31.0,15000.0,27000.0,71.0000720214086,27160769,5649.68762467535,16.372,55.226713205358806,99.40808376964584
AGO,Angola,Lower middle income,2015,1.8,24.0,29.0,15000.0,26000.0,71.2553341081009,28157798,3641.72893920253,16.472,53.27121105137553,92.33676582238427
AGO,Angola,Lower middle income,2016,1.8,22.0,26.0,16000.0,27000.0,71.4311563673029,29183070,2082.37343594705,16.572,54.82630854121928,92.51939566330753
AGO,Angola,Lower middle income,2017,1.8,24.0,24.0,17000.0,27000.0,71.5262482967269,30234839,2832.14997950512,16.617,56.22652728529495,89.30095510017435
AGO,Angola,Lower middle income,2018,1.7,27.0,33.0,18000.0,27000.0,71.6211097010157,31297155,2891.83032378747,16.602,57.5132148593059,86.26982228895886
AGO,Angola,Lower middle income,2019,1.7,28.0,51.0,18000.0,25000.0,71.8016338388892,32375632,2507.86807213642,16.497,55.59737026909622,77.21856981818918
AGO,Angola,Lower middle income,2020,1.7,32.0,57.0,17000.0,25000.0,72.1224364356398,33451132,1749.1794838482,16.696,50.82040272956981,74.73588636701443
AGO,Angola,Lower middle income,2021,1.7,36.0,63.0,16000.0,24000.0,72.4497221716589,34532429,2266.96834861584,15.799,46.333259673103214,69.49988950965482
AGO,Angola,Lower middle income,2022,1.6,40.0,70.0,15000.0,22000.0,72.7127889984461,35635029,3598.53669077341,14.124,42.093413197446814,61.737006022921996
BEN,Benin,Lower middle income,2000,1.5,0.0,0.0,3600.0,6800.0,60.488243531437,7221619,487.424141384242,0.864,49.850317498056874,94.16171082966298
BEN,Benin,Lower middle income,2001,1.4,0.0,0.0,4000.0,6500.0,60.5479524282532,7445596,492.401499509072,0.766,53.72303305202162,87.29992870953514
BEN,Benin,Lower middle income,2002,1.4,0.0,0.0,4400.0,6100.0,60.6013762997475,7675426,546.463829658159,0.69,57.32580836555521,79.47441614315609
BEN,Benin,Lower middle income,2003,1.4,0.0,0.0,4700.0,5800.0,60.6515448863623,7913070,676.002878084282,0.747,59.39540532309205,73.2964576327519
BEN,Benin,Lower middle income,2004,1.3,0.0,0.0,5000.0,5800.0,60.6922667059207,8159094,758.695803786371,0.79,61.28131383214851,71.08632404529229
BEN,Benin,Lower middle income,2005,1.3,0.0,0.0,5200.0,5800.0,60.8110448590185,8426144,779.437777753268,0.859,61.71268850852775,68.83338333643479
BEN,Benin,Lower middle income,2006,1.2,0.0,0.0,5400.0,5400.0,60.8278623756153,8693242,809.147072506221,0.888,62.11721702904394,62.11721702904394
BEN,Benin,Lower middle income,2007,1.2,0.0,0.0,5500.0,5400.0,60.8328270893745,8953969,912.338247188342,0.902,61.425274087949155,60.30845092271372
BEN,Benin,Lower middle income,2008,1.1,19.0,32.0,3500.0,4700.0,60.9812347764573,9228466,1060.60254502099,0.895,37.92612986817094,50.92937439440097
BEN,Benin,Lower middle income,2009,1.1,25.0,35.0,2400.0,4500.0,61.1063067635341,9509423,1024.10277858112,0.95,25.23812433204412,47.32148312258273
BEN,Benin,Lower middle income,2010,1.1,30.0,17.0,2100.0,4100.0,61.2606555357371,9797484,973.244254931526,1.04,21.43407429907515,41.84747839343244
BEN,Benin,Lower middle income,2011,1.1,37.0,22.0,2100.0,3800.0,61.4220938680285,10093623,1059.41358852588,2.647,20.805215332492605,37.64753250641519
BEN,Benin,Lower middle income,2012,1.1,40.0,26.0,2000.0,3700.0,61.5809667513964,10397657,1071.5258366283,2.458,19.235102677458972,35.58493995329909
BEN,Benin,Lower middle income,2013,1.1,35.0,24.0,1900.0,3700.0,61.8499594374296,10708834,1168.92699279226,2.198,17.742361119800716,34.55091375961192
BEN,Benin,Lower middle income,2014,1.0,40.0,44.0,2100.0,3300.0,62.2451067323569,11030004,1204.39918670094,1.952,19.03897768305433,29.918393501942518
BEN,Benin,Lower middle income,2015,1.0,36.0,96.0,2000.0,2600.0,62.5999169512505,11360681,1002.41886879614,1.886,17.60457845792871,22.885951995307323
BEN,Benin,Lower middle income,2016,1.0,34.0,100.0,2000.0,2500.0,62.7564566607834,11697842,1010.5338961993,1.834,17.097170572144844,21.37146321518106
BEN,Benin,Lower middle income,2017,0.9,53.0,100.0,2100.0,2400.0,62.7190073965939,12039780,1054.97408066814,1.691,17.442179176031456,19.933919058321663
BEN,Benin,Lower middle income,2018,0.9,57.0,100.0,1800.0,2100.0,62.8694629634463,12383347,1151.7409703472,1.426,14.53565017599846,16.95825853866487
BEN,Benin,Lower middle income,2019,0.9,63.0,85.0,1800.0,2100.0,63.2619879151687,12726755,1130.82135339795,1.214,14.143432477485424,16.500671223732994
BEN,Benin,Lower middle income,2020,0.8,71.0,91.0,1600.0,1900.0,63.5368572969761,13070169,1200.19426557789,1.518,12.241616768689067,14.536919912818265
BEN,Benin,Lower middle income,2021,0.8,79.0,81.0,1500.0,1800.0,63.7319334557699,13413417,1318.65158075198,1.833,11.18283283073955,13.41939939688746
BEN,Benin,Lower middle income,2022,0.7,85.0,89.0,1500.0,1800.0,63.9271582753165,13759501,1266.42711031904,1.685,10.90155813063279,13.081869756759348
BWA,Botswana,Upper middle income,2000,25.9,0.0,8.0,17000.0,27000.0,59.7286661359863,1677382,3450.81180622992,15.88,1013.4841079730198,1609.6512303100903
BWA,Botswana,Upper middle income,2001,25.7,1.0,17.0,18000.0,25000.0,59.6402285653703,1712254,3206.07123689853,18.54,1051.2459016010475,1460.063752223677
BWA,Botswana,Upper middle income,2002,25.3,2.0,25.0,19000.0,23000.0,59.5881462413502,1744763,3117.25087183011,21.277,1088.9731155463521,1318.2306135561105
BWA,Botswana,Upper middle income,2003,24.9,6.0,34.0,18000.0,21000.0,59.5085205863771,1775736,4230.12326909926,23.8,1013.6641933260349,1182.6082255470408
BWA,Botswana,Upper middle income,2004,24.5,12.0,43.0,16000.0,19000.0,59.4175769813846,1807146,4956.69287735214,21.755,885.3739542903562,1051.381570719798
BWA,Botswana,Upper middle income,2005,24.2,19.0,70.0,13000.0,17000.0,59.3543429417656,1839877,5391.07076619634,19.852,706.5689717301755,923.9748091856139
BWA,Botswana,Upper middle income,2006,23.9,25.0,82.0,10000.0,15000.0,59.2695189836783,1874516,5291.58379144849,17.782,533.471039991123,800.2065599866846
BWA,Botswana,Upper middle income,2007,23.6,29.0,78.0,9000.0,15000.0,59.177568111908,1911201,5529.12574632532,16.976,470.9080834511912,784.8468057519852
BWA,Botswana,Upper middle income,2008,23.4,36.0,79.0,8100.0,14000.0,59.1039697319334,1949970,5503.07395314313,16.293,415.3910060154772,717.9597634835408
BWA,Botswana,Upper middle income,2009,23.2,44.0,88.0,6900.0,13000.0,59.0744937436484,1990673,5082.93388332404,16.169,346.6164457949648,653.0454775847163
BWA,Botswana,Upper middle income,2010,23.0,49.0,79.0,6100.0,13000.0,59.101624497623,2033111,6215.73216077919,17.86,300.0328068659311,639.4141785667383
BWA,Botswana,Upper middle income,2011,22.8,54.0,70.0,5700.0,14000.0,59.2180126723963,2073535,7287.38295334919,18.049,274.8928761752273,675.1754853426636
BWA,Botswana,Upper middle income,2012,22.7,61.0,89.0,5200.0,13000.0,59.326955060143,2108617,6595.53845015424,17.916,246.6071363362811,616.5178408407028
BWA,Botswana,Upper middle income,2013,22.4,65.0,91.0,5000.0,12000.0,59.4829866699494,2140682,6666.91219583487,18.167,233.57042288392202,560.5690149214129
BWA,Botswana,Upper middle income,2014,22.1,67.0,84.0,4800.0,12000.0,59.6517346600614,2172044,7122.36423421503,18.484,220.98999836099082,552.4749959024771
BWA,Botswana,Upper middle income,2015,21.8,72.0,88.0,4800.0,11000.0,59.8088627141827,2203273,6141.20394726616,18.915,217.85770533202194,499.2572413858837
BWA,Botswana,Upper middle income,2016,21.4,76.0,87.0,4800.0,10000.0,59.9653380998906,2234776,6749.05994339013,19.328,214.78662738457902,447.47214038453967
BWA,Botswana,Upper middle income,2017,20.9,79.0,97.0,4500.0,9200.0,60.1256925005349,2266747,7104.96401088027,19.671,198.5223758981483,405.86796850288096
BWA,Botswana,Upper middle income,2018,20.3,84.0,100.0,4600.0,8200.0,60.2935489826646,2299141,7407.95940141786,19.665,200.07472355979905,356.6549419979027
BWA,Botswana,Upper middle income,2019,19.7,86.0,100.0,4500.0,7300.0,60.5089622351128,2332083,7172.08956480028,20.094,192.96054214193921,313.0248794747014
BWA,Botswana,Upper middle income,2020,19.0,89.0,100.0,4400.0,6700.0,60.7606017651294,2365894,6323.2974967659,21.017,185.97621026132194,283.1910474433766
BWA,Botswana,Upper middle income,2021,18.2,92.0,100.0,4300.0,5500.0,61.066220822317,2401441,7807.88794570471,23.106,179.05915656474593,229.02915374560527
BWA,Botswana,Upper middle income,2022,17.4,93.0,100.0,4000.0,4700.0,61.2976935234274,2439892,8328.7090572666,23.615,163.9416826646425,192.63147713095498
BFA,Burkina Faso,Low income,2000,1.9,0.0,0.0,13000.0,11000.0,54.6777541762557,11925546,248.908526921752,2.687,109.00968391719759,92.2389633145518
BFA,Burkina Faso,Low income,2001,1.8,0.0,0.0,13000.0,9800.0,54.7335085268599,12295001,259.485223380436,2.748,105.73402962716311,79.70719156509219
BFA,Burkina Faso,Low income,2002,1.6,0.0,0.0,13000.0,9200.0,54.7509548554929,12680897,285.654087637533,2.862,102.51640715952506,72.55007275904852
BFA,Burkina Faso,Low income,2003,1.5,1.0,1.0,12000.0,8400.0,54.7596234623706,13082532,362.373899996953,2.78,91.72536325536984,64.20775427875888
BFA,Burkina Faso,Low income,2004,1.4,3.0,3.0,12000.0,7600.0,54.7644836103934,13500533,403.81283743461,3.48,88.88537956242172,56.29407372286708
BFA,Burkina Faso,Low income,2005,1.3,7.0,9.0,10000.0,7000.0,54.7999380701721,13932123,441.164148016012,4.0,71.7765698738089,50.243598911666226
BFA,Burkina Faso,Low income,2006,1.2,11.0,19.0,9000.0,6300.0,54.8868537807367,14373707,455.513655620024,3.67,62.61432767483016,43.83002937238111
BFA,Burkina Faso,Low income,2007,1.2,14.0,19.0,8000.0,5700.0,55.0321447266707,14816307,514.684451177238,3.3,53.99456153277601,38.47112509210291
BFA,Burkina Faso,Low income,2008,1.1,19.0,18.0,7200.0,5400.0,55.2037197072341,15258093,619.437533256264,3.501,47.18807258547972,35.39105443910979
BFA,Burkina Faso,Low income,2009,1.1,24.0,31.0,6100.0,4900.0,55.3909274440953,15710066,601.569520671859,3.723,38.82860835848812,31.190193599441272
BFA,Burkina Faso,Low income,2010,1.0,29.0,37.0,5500.0,4700.0,55.5990598423583,16176498,624.957252224766,3.725,33.999942385552174,29.05449622038095
BFA,Burkina Faso,Low income,2011,1.0,34.0,42.0,5000.0,4100.0,55.9950290986941,16661908,725.024767725475,3.827,30.008568046348593,24.607025798005846
BFA,Burkina Faso,Low income,2012,0.9,37.0,44.0,4800.0,4000.0,56.7494978913404,17172287,731.470138867833,3.849,27.95201361356236,23.293344677968637
BFA,Burkina Faso,Low income,2013,0.9,41.0,47.0,4500.0,3600.0,57.5950330566085,17695409,759.762065168498,4.054,25.430324893875014,20.344259915100015
BFA,Burkina Faso,Low income,2014,0.8,47.0,62.0,4300.0,3100.0,58.3960751671284,18229461,764.861675106225,4.255,23.588190566907052,17.005439711026014
BFA,Burkina Faso,Low income,2015,0.8,53.0,44.0,4000.0,3500.0,59.1226208257933,18777487,630.124750752312,4.472,21.302105015436837,18.639341888507232
BFA,Burkina Faso,Low income,2016,0.8,58.0,50.0,3700.0,3300.0,59.7357038659292,19334856,663.742364842886,4.598,19.136423876133343,17.067621294929737
BFA,Burkina Faso,Low income,2017,0.7,64.0,55.0,3500.0,3200.0,60.3184460280395,19894407,709.091535894695,4.662,17.592884271443726,16.084922762462835
BFA,Burkina Faso,Low income,2018,0.7,62.0,63.0,3200.0,3400.0,60.9467802057417,20438288,777.465618514048,4.695,15.65688867873865,16.635444221159815
BFA,Burkina Faso,Low income,2019,0.7,72.0,71.0,3100.0,3000.0,61.5334138652432,20961952,764.853077774946,4.493,14.78869906772041,14.311644259084268
BFA,Burkina Faso,Low income,2020,0.6,66.0,80.0,2800.0,2800.0,62.0444918825171,21478690,825.237038782475,4.59,13.036176787318036,13.036176787318036
BFA,Burkina Faso,Low income,2021,0.6,71.0,87.0,2700.0,3100.0,62.6098064790958,21995243,895.535288442991,4.511,12.275381545000434,14.093956588704204
BFA,Burkina Faso,Low income,2022,0.6,76.0,90.0,2500.0,2900.0,63.0564327893768,22509038,827.330843486661,3.828,11.106649693336516,12.88371364427036
BDI,Burundi,Low income,2000,3.4,0.0,0.0,12000.0,8000.0,58.1654831612031,6470194,134.537861752389,3.137,185.46584538268868,123.64389692179245
BDI,Burundi,Low income,2001,3.1,0.0,0.0,11000.0,7700.0,58.4498085616224,6634365,132.159554541932,3.154,165.80335872385677,116.06235110669972
BDI,Burundi,Low income,2002,2.8,1.0,2.0,11000.0,6700.0,58.6787760248226,6824132,120.952308575468,3.168,161.192661572197,98.18098477579274
BDI,Burundi,Low income,2003,2.6,1.0,4.0,11000.0,6400.0,58.8566147379388,7043154,111.406682804391,3.145,156.18002957197868,90.86838084187852
BDI,Burundi,Low income,2004,2.4,4.0,8.0,10000.0,5900.0,58.9884314573587,7310656,125.194965184533,3.177,136.78663036531879,80.70411191553809
BDI,Burundi,Low income,2005,2.2,6.0,18.0,9300.0,5300.0,59.0850209741535,7587299,147.234619294225,3.162,122.57326355531791,69.85358030571881
BDI,Burundi,Low income,2006,2.0,8.0,22.0,8500.0,5300.0,59.1490131141263,7865547,161.892755640319,3.185,108.06622857888969,67.38247193742532
BDI,Burundi,Low income,2007,1.9,11.0,22.0,7800.0,5000.0,59.1963115882797,8161874,166.162744906755,2.404,95.56628784026806,61.26044092324875
BDI,Burundi,Low income,2008,1.8,15.0,31.0,7000.0,5000.0,59.2453411711226,8505637,189.502074570768,1.634,82.29836283866804,58.784544884762894
BDI,Burundi,Low income,2009,1.7,18.0,34.0,6300.0,4100.0,59.2821855673257,8947646,198.431524048225,1.622,70.40958035219542,45.82210784825417
BDI,Burundi,Low income,2010,1.6,23.0,57.0,5800.0,4500.0,59.3521594733286,9376444,216.727705301976,1.615,61.857139017734234,47.9926078585869
BDI,Burundi,Low income,2011,1.6,28.0,60.0,5000.0,3800.0,59.4426251640219,9717978,230.069761381132,1.602,51.45103230322193,39.10278455044866
BDI,Burundi,Low income,2012,1.5,31.0,64.0,4500.0,3500.0,59.7122568926203,10071028,231.098787811507,1.593,44.682628228220594,34.75315528861602
BDI,Burundi,Low income,2013,1.4,36.0,74.0,4200.0,3100.0,60.2203926679736,10439341,234.844770150871,1.584,40.232424632934205,29.695361038594292
BDI,Burundi,Low income,2014,1.4,41.0,86.0,3800.0,3000.0,60.7219114764303,10799785,250.544492155185,1.572,35.185885644945714,27.77833077232556
BDI,Burundi,Low income,2015,1.3,49.0,98.0,3300.0,2800.0,61.2081687360168,11047580,254.402585226788,1.449,29.870795232983152,25.34491716737964
BDI,Burundi,Low income,2016,1.2,61.0,100.0,2600.0,2200.0,61.5910010866273,11239451,232.937812100153,1.352,23.132802482968252,19.57390979328083
BDI,Burundi,Low income,2017,1.2,69.0,100.0,2100.0,1900.0,61.9150887789363,11506762,246.060725714184,1.25,18.250138483788923,16.512030056761407
BDI,Burundi,Low income,2018,1.1,75.0,100.0,1700.0,1500.0,62.1899459681322,11859446,245.661678332009,1.147,14.33456503786096,12.648145621642023
BDI,Burundi,Low income,2019,1.1,83.0,100.0,1500.0,1500.0,62.4231077004846,12255336,234.31061590725,1.043,12.239566503929389,12.239566503929389
BDI,Burundi,Low income,2020,1.0,86.0,95.0,1400.0,1400.0,62.6202251897026,12617036,252.702452750006,1.03,11.096108467947623,11.096108467947623
BDI,Burundi,Low income,2021,0.9,88.0,77.0,1300.0,1500.0,62.805789896126,12965481,264.172844085398,1.118,10.026623771227616,11.569181274493403
BDI,Burundi,Low income,2022,0.9,90.0,77.0,1200.0,1400.0,62.979027201647,13321097,301.832255755105,0.909,9.008267111935302,10.509644963924517
CPV,Cabo Verde,Upper middle income,2000,0.7,0.0,0.0,200.0,500.0,47.5041241068202,453317,1189.51479345891,13.024,44.1192366489675,110.29809162241874
CPV,Cabo Verde,Upper middle income,2001,0.7,0.0,0.0,200.0,500.0,47.4006567431708,460293,1223.33055331575,13.242,43.45058473624409,108.62646184061022
CPV,Cabo Verde,Upper middle income,2002,0.7,0.0,0.0,200.0,500.0,47.252089147364,467046,1328.57874270666,13.379,42.82233441673839,107.05583604184599
CPV,Cabo Verde,Upper middle income,2003,0.7,0.0,0.0,200.0,500.0,47.0605207818733,473383,1717.97565369655,13.604,42.249087947813926,105.62271986953482
CPV,Cabo Verde,Upper middle income,2004,0.7,1.0,0.0,200.0,500.0,46.8291893209376,479370,1929.49081468781,13.456,41.72142603834199,104.30356509585498
CPV,Cabo Verde,Upper middle income,2005,0.7,9.0,0.0,200.0,500.0,46.5689418812384,485115,2004.14680417563,13.439,41.22733784772683,103.06834461931706
CPV,Cabo Verde,Upper middle income,2006,0.7,14.0,0.0,100.0,200.0,46.2833712692343,490728,2256.99666191075,13.378,20.377887546665363,40.755775093330726
CPV,Cabo Verde,Upper middle income,2007,0.7,21.0,0.0,100.0,200.0,45.9918884293916,496190,3324.57675212498,13.294,20.15357020496181,40.30714040992362
CPV,Cabo Verde,Upper middle income,2008,0.7,26.0,0.0,100.0,200.0,45.7021658718635,501355,3908.64885822576,13.307,19.94594648502558,39.89189297005116
CPV,Cabo Verde,Upper middle income,2009,0.7,26.0,0.0,100.0,200.0,45.3998200205766,506141,3659.72046361628,13.517,19.757340345872002,39.514680691744005
CPV,Cabo Verde,Upper middle income,2010,0.7,32.0,100.0,100.0,200.0,45.2009303353487,509784,3579.46006137809,10.67,19.616151154214336,39.23230230842867
CPV,Cabo Verde,Upper middle income,2011,0.7,35.0,100.0,100.0,200.0,45.1702002780255,511447,4002.01386888785,10.956,19.55236808506062,39.10473617012124
CPV,Cabo Verde,Upper middle income,2012,0.7,42.0,100.0,100.0,200.0,45.2662480328558,511955,3736.81517011087,11.145,19.53296676465705,39.0659335293141
CPV,Cabo Verde,Upper middle income,2013,0.7,49.0,100.0,100.0,200.0,45.3643531411035,512225,3960.97596791345,11.398,19.522670701351945,39.04534140270389
CPV,Cabo Verde,Upper middle income,2014,0.8,53.0,100.0,100.0,500.0,45.4569517809135,512326,3985.60706548134,11.689,19.518822000054655,97.59411000027328
CPV,Cabo Verde,Upper middle income,2015,0.8,52.0,100.0,100.0,500.0,45.6403973232545,512394,3415.06266730931,11.923,19.51623164986319,97.58115824931595
CPV,Cabo Verde,Upper middle income,2016,0.8,53.0,100.0,100.0,500.0,45.8986789629038,512554,3608.96605234906,12.085,19.51013941945629,97.55069709728146
CPV,Cabo Verde,Upper middle income,2017,0.8,60.0,100.0,100.0,500.0,46.1616808976392,512893,3893.09571382506,12.24,19.497244064551474,97.48622032275738
CPV,Cabo Verde,Upper middle income,2018,0.8,68.0,100.0,100.0,500.0,46.3808550724629,513415,4294.96510035729,12.17,19.477420799937672,97.38710399968836
CPV,Cabo Verde,Upper middle income,2019,0.9,71.0,100.0,100.0,500.0,46.5563805523959,514104,4380.78117331128,12.123,19.45131724320371,97.25658621601855
CPV,Cabo Verde,Upper middle income,2020,0.9,76.0,67.0,100.0,500.0,46.7235027311821,514679,3539.22661248299,14.65,19.429586208102524,97.14793104051263
CPV,Cabo Verde,Upper middle income,2021,0.9,81.0,100.0,100.0,500.0,46.9321687919632,516649,3971.44409203423,13.932,19.355500542921792,96.77750271460896
CPV,Cabo Verde,Upper middle income,2022,0.9,79.0,99.0,100.0,200.0,47.1068017719755,519741,4323.31362032709,12.239,19.240352406294676,38.48070481258935
CMR,Cameroon,Lower middle income,2000,5.5,0.0,0.0,25000.0,66000.0,57.3782604163646,14912631,708.565731625965,7.533,167.6431207880085,442.5778388803424
CMR,Cameroon,Lower middle income,2001,5.6,0.0,0.0,29000.0,62000.0,57.4342380691023,15309490,715.470296470585,7.46,189.42499064305866,404.97756620240125
CMR,Cameroon,Lower middle income,2002,5.7,0.0,4.0,32000.0,59000.0,57.4894414202641,15725528,789.623811072554,6.711,203.49078263063726,375.18613047523746
CMR,Cameroon,Lower middle income,2003,5.6,0.0,8.0,35000.0,56000.0,57.5488338872049,16160340,988.241276791846,5.908,216.57960166679663,346.5273626668746
CMR,Cameroon,Lower middle income,2004,5.6,3.0,13.0,35000.0,52000.0,57.6056080275743,16610487,1133.39326749673,5.087,210.7102579232024,313.0552403430435
CMR,Cameroon,Lower middle income,2005,5.5,4.0,11.0,35000.0,49000.0,57.6479010332911,17074594,1142.62466252106,4.4,204.982912038787,286.97607685430177
CMR,Cameroon,Lower middle income,2006,5.4,5.0,24.0,35000.0,47000.0,57.6859986797926,17550407,1191.45458990968,3.729,199.4255745749942,267.8000572864208
CMR,Cameroon,Lower middle income,2007,5.2,8.0,24.0,35000.0,45000.0,57.7180531463843,18049896,1325.67248215933,3.063,193.90693442222604,249.30891568571917
CMR,Cameroon,Lower middle income,2008,5.1,10.0,33.0,33000.0,43000.0,57.740369771583,18574056,1492.14269801453,3.386,177.66717188749726,231.5057088231025
CMR,Cameroon,Lower middle income,2009,5.0,13.0,30.0,32000.0,40000.0,57.7534982691795,19113974,1461.38999232337,3.743,167.41678104197484,209.27097630246854
CMR,Cameroon,Lower middle income,2010,4.8,15.0,47.0,31000.0,36000.0,57.7808978755506,19668066,1398.58702025047,4.11,157.61590387178893,183.03782385110972
CMR,Cameroon,Lower middle income,2011,4.7,18.0,55.0,31000.0,34000.0,57.880338305284,20232304,1513.96056994878,3.988,153.2203153926513,168.0480878500046
CMR,Cameroon,Lower middle income,2012,4.5,21.0,65.0,29000.0,29000.0,58.2164618951789,20809529,1449.09874362279,3.836,139.3592329744705,139.3592329744705
CMR,Cameroon,Lower middle income,2013,4.3,23.0,88.0,29000.0,26000.0,58.8626178668979,21402376,1575.92882118897,3.686,135.4989745063819,121.48183921261825
CMR,Cameroon,Lower middle income,2014,4.1,25.0,87.0,30000.0,24000.0,59.559740598068,22059893,1649.4433905949,3.534,135.99340667699522,108.79472534159618
CMR,Cameroon,Lower middle income,2015,3.9,30.0,91.0,29000.0,23000.0,60.2621470097637,22763414,1415.00009710569,3.518,127.39741059930641,101.03932564772576
CMR,Cameroon,Lower middle income,2016,3.7,37.0,94.0,26000.0,23000.0,60.9549134695097,23454161,1441.7201725688,3.529,110.85453024731943,98.06362291109028
CMR,Cameroon,Lower middle income,2017,3.5,46.0,97.0,23000.0,21000.0,61.6478794953983,24128601,1496.08951771242,3.573,95.32255931456615,87.03364111329952
CMR,Cameroon,Lower middle income,2018,3.4,53.0,95.0,20000.0,20000.0,62.3265990345596,24806383,1610.69641591017,3.608,80.62441025763408,80.62441025763408
CMR,Cameroon,Lower middle income,2019,3.2,59.0,77.0,18000.0,20000.0,62.9509070975939,25506095,1555.22660476477,3.632,70.57136735356785,78.41263039285316
CMR,Cameroon,Lower middle income,2020,3.1,66.0,77.0,16000.0,19000.0,63.5145010212261,26210558,1555.60370660749,3.881,61.04410291455833,72.48987221103802
CMR,Cameroon,Lower middle income,2021,2.9,73.0,83.0,14000.0,17000.0,63.9737999289318,26915758,1672.32657340872,3.976,52.0141398209926,63.16002692549101
CMR,Cameroon,Lower middle income,2022,2.8,80.0,79.0,12000.0,14000.0,64.3245869587547,27632771,1604.87726954895,3.646,43.4266979594627,50.664480952706484
CAF,Central African Republic,Low income,2000,7.5,0.0,0.0,12000.0,16000.0,65.6734144138993,3833416,239.154133726071,5.722,313.03672755578833,417.38230340771776
CAF,Central African Republic,Low income,2001,7.3,0.0,1.0,13000.0,16000.0,65.6618277747612,3919487,237.951702544735,5.77,331.6760586270601,408.2166875409971
CAF,Central African Republic,Low income,2002,7.0,0.0,0.0,13000.0,14000.0,65.3665666921545,4006077,248.639290978403,5.809,324.50699275126266,349.4690691167444
CAF,Central African Republic,Low income,2003,6.7,0.0,0.0,13000.0,14000.0,65.143543498675,4103086,278.403992150941,5.809,316.83469466640474,341.2065942561282
CAF,Central African Republic,Low income,2004,6.4,0.0,2.0,14000.0,14000.0,64.8695255624392,4192826,303.461321152782,5.729,333.903672606495,333.903672606495
CAF,Central African Republic,Low income,2005,6.0,1.0,5.0,13000.0,13000.0,64.5472387469716,4288810,311.950023138687,5.691,303.1143837101667,303.1143837101667
CAF,Central African Republic,Low income,2006,5.7,2.0,16.0,13000.0,12000.0,64.2793717175494,4377579,333.942519903031,5.61,296.96779886782167,274.1241220318354
CAF,Central African Republic,Low income,2007,5.5,4.0,17.0,12000.0,12000.0,63.9283037252949,4462770,380.887048839475,5.562,268.8912939721294,268.8912939721294
CAF,Central African Republic,Low income,2008,5.2,8.0,21.0,11000.0,11000.0,63.5425332002603,4558984,437.24827472489,5.51,241.28182946024813,241.28182946024813
CAF,Central African Republic,Low income,2009,5.1,9.0,28.0,9700.0,11000.0,63.1402510097002,4529047,456.471673898404,5.575,214.17309204342544,242.8767023172866
CAF,Central African Republic,Low income,2010,4.9,11.0,24.0,9600.0,10000.0,62.8024603139812,4492995,476.873786950728,5.658,213.66593997990208,222.56868747906464
CAF,Central African Republic,Low income,2011,4.6,11.0,31.0,9700.0,9800.0,62.5815716632108,4565021,534.057281471636,5.638,212.48533139278004,214.6759018195097
CAF,Central African Republic,Low income,2012,4.4,13.0,35.0,9600.0,9200.0,62.4447733126434,4610848,544.395849142785,5.58,208.20465129190984,199.5294574880803
CAF,Central African Republic,Low income,2013,4.2,13.0,21.0,9200.0,9200.0,62.2917943599903,4642419,364.36696260838,5.566,198.17254754471753,198.17254754471753
CAF,Central African Republic,Low income,2014,4.0,21.0,36.0,8400.0,8100.0,62.2857390082715,4623182,409.8504859647,5.633,181.6930417188854,175.2040045146395
CAF,Central African Republic,Low income,2015,3.8,24.0,41.0,6900.0,7500.0,62.1444010545464,4629320,366.322853938121,5.775,149.04996846189073,162.01083528466384
CAF,Central African Republic,Low income,2016,3.6,29.0,60.0,6100.0,6800.0,62.2453449059242,4713663,387.176203444318,5.793,129.41103341498956,144.2614798724474
CAF,Central African Republic,Low income,2017,3.4,34.0,45.0,5700.0,6500.0,62.713028832709,4793511,432.324025684263,5.836,118.91075247350011,135.59998089083348
CAF,Central African Republic,Low income,2018,3.3,37.0,50.0,5400.0,5900.0,63.1313793125725,4878657,455.243962859534,5.825,110.68619909126632,120.93492122934651
CAF,Central African Republic,Low income,2019,3.1,45.0,64.0,4800.0,5400.0,63.5054577338594,4944703,449.228467602439,5.916,97.07357550089459,109.20777243850642
CAF,Central African Republic,Low income,2020,3.0,49.0,58.0,4200.0,5200.0,63.8524867456515,5026628,462.879071294011,6.519,83.55501938874332,103.44907162415838
CAF,Central African Republic,Low income,2021,2.8,55.0,63.0,3700.0,5100.0,64.2420827468593,5112100,492.263142830507,6.701,72.37730091351891,99.76330666458013
CAF,Central African Republic,Low income,2022,2.7,60.0,51.0,3300.0,4700.0,64.5364496509337,5098039,467.359825026238,6.287,64.73077196937881,92.19231159275165
TCD,Chad,Low income,2000,2.4,0.0,0.0,8100.0,12000.0,56.3922132731451,8512093,163.121663683369,0.796,95.1587347553651,140.97590334128162
TCD,Chad,Low income,2001,2.4,0.0,0.0,8700.0,12000.0,56.4848231173375,8804124,194.32295331156,0.792,98.81732697086048,136.29976133911788
TCD,Chad,Low income,2002,2.3,0.0,0.0,9100.0,12000.0,56.5623995184371,9116192,219.061391951349,0.769,99.82238197703602,131.63391029938816
TCD,Chad,Low income,2003,2.2,0.0,0.0,9500.0,11000.0,56.6088266859298,9487833,289.087621122168,0.725,100.12823792324338,115.9379597005976
TCD,Chad,Low income,2004,2.2,0.0,0.0,9900.0,11000.0,56.6516670236622,9920036,445.850767157087,0.672,99.79802492652244,110.88669436280271
TCD,Chad,Low income,2005,2.1,1.0,0.0,10000.0,10000.0,56.6966707635803,10328092,838.092107712557,0.663,96.82330482726142,96.82330482726142
TCD,Chad,Low income,2006,2.0,4.0,3.0,9500.0,10000.0,56.8228187089673,10706424,906.897260572747,0.716,88.73177449351904,93.40186788791476
TCD,Chad,Low income,2007,1.9,7.0,4.0,8700.0,10000.0,57.0707943399575,11081660,980.483531485103,0.839,78.50809355277097,90.23918799169078
TCD,Chad,Low income,2008,1.8,10.0,8.0,8100.0,9400.0,57.387151799303,11476296,1166.36883453841,0.922,70.58026387607988,81.90796054754948
TCD,Chad,Low income,2009,1.8,13.0,11.0,7700.0,8800.0,57.7614052593372,11893754,1035.63719694254,0.943,64.73986262032997,73.98841442323425
TCD,Chad,Low income,2010,1.7,16.0,18.0,7300.0,8500.0,58.1650221138261,12312575,1141.80069268412,0.911,59.288978950382024,69.03511247647222
TCD,Chad,Low income,2011,1.7,19.0,22.0,7100.0,8100.0,58.5820150991479,12754997,1308.1421872538,0.92,55.66445840794788,63.50452297244759
TCD,Chad,Low income,2012,1.6,22.0,30.0,6900.0,7700.0,59.0170982731376,13210998,1354.34344701937,0.886,52.22921084387418,58.2847715214248
TCD,Chad,Low income,2013,1.5,25.0,50.0,6500.0,7100.0,59.4654481816863,13691079,1304.88742971475,0.955,47.476170431855664,51.85858616402695
TCD,Chad,Low income,2014,1.5,28.0,71.0,6300.0,6200.0,59.9323187475924,14188678,1278.78981422494,0.984,44.40159964162975,43.69681234573087
TCD,Chad,Low income,2015,1.4,31.0,55.0,6200.0,6600.0,60.4161616214781,14647621,993.990730610869,1.032,42.32769266763525,45.058511549418164
TCD,Chad,Low income,2016,1.4,34.0,53.0,5900.0,6400.0,60.8977087753276,15114655,861.831767630746,1.091,39.03496308714953,42.343010806399484
TCD,Chad,Low income,2017,1.3,37.0,59.0,5600.0,5700.0,61.388463018643,15622759,854.46120040098,1.132,35.84514105351046,36.485232858037435
TCD,Chad,Low income,2018,1.2,40.0,71.0,5300.0,5400.0,61.7509609030024,16156531,948.656629871231,1.135,32.80407161661126,33.423016364094494
TCD,Chad,Low income,2019,1.2,42.0,81.0,5100.0,5100.0,61.9655957014541,16685223,893.336441643325,1.077,30.565968462033744,30.565968462033744
TCD,Chad,Low income,2020,1.1,47.0,82.0,4700.0,4700.0,62.1934228585509,17224679,866.947814890409,1.695,27.286430127377116,27.286430127377116
TCD,Chad,Low income,2021,1.1,51.0,84.0,4300.0,4300.0,62.4347048177397,17828273,946.358500208374,1.53,24.118993466164667,24.118993466164667
TCD,Chad,Low income,2022,1.0,54.0,74.0,4000.0,4400.0,62.6680535343896,18455316,966.036468278568,1.081,21.673971878888445,23.84136906677729
COM,Comoros,Lower middle income,2000,0.1,0.0,,100.0,100.0,47.5974806948543,536080,633.309032776244,4.4,18.65393224891807,18.65393224891807
COM,Comoros,Lower middle income,2001,0.1,0.0,,100.0,100.0,47.4396511303815,547220,681.163857619963,4.379,18.274185885018824,18.274185885018824
COM,Comoros,Lower middle income,2002,0.1,0.0,,100.0,100.0,47.2940038495764,558923,764.61349832543,4.372,17.891552145823308,17.891552145823308
COM,Comoros,Lower middle income,2003,0.1,0.0,,100.0,100.0,47.5121031414723,569798,959.691049354812,4.559,17.55007915085697,17.55007915085697
COM,Comoros,Lower middle income,2004,0.1,0.0,,100.0,100.0,47.5737809098486,580704,1072.28409029621,4.571,17.220477213864548,17.220477213864548
COM,Comoros,Lower middle income,2005,0.1,0.0,,100.0,100.0,47.5790281530807,592677,1105.78796866788,4.527,16.87259670950619,16.87259670950619
COM,Comoros,Lower middle income,2006,0.1,0.0,,100.0,100.0,47.5356473876128,604753,1138.47908404345,4.482,16.535676548938163,16.535676548938163
COM,Comoros,Lower middle income,2007,0.1,0.0,,100.0,100.0,47.4610837190711,616927,1289.73631056361,4.474,16.209373232165234,16.209373232165234
COM,Comoros,Lower middle income,2008,0.1,0.0,,100.0,100.0,47.3584220242963,629307,1455.02768595586,4.416,15.890495417975647,15.890495417975647
COM,Comoros,Lower middle income,2009,0.1,0.0,,100.0,100.0,47.2241330206849,641947,1410.30516959473,4.303,15.577609989609734,15.577609989609734
COM,Comoros,Lower middle income,2010,0.1,17.0,,100.0,100.0,47.3487554783996,654836,1386.57533553376,4.19,15.270999150932447,15.270999150932447
COM,Comoros,Lower middle income,2011,0.1,18.0,,100.0,100.0,47.6384970796755,668056,1531.43969320468,4.12,14.968805010358412,14.968805010358412
COM,Comoros,Lower middle income,2012,0.1,21.0,,100.0,100.0,47.9458201495525,681630,1490.31425650871,4.091,14.67071578422311,14.67071578422311
COM,Comoros,Lower middle income,2013,0.1,23.0,,100.0,100.0,48.0284107883566,696192,1603.32653496691,3.98,14.363853649567934,14.363853649567934
COM,Comoros,Lower middle income,2014,0.1,24.0,,100.0,100.0,48.0738547302493,711503,1615.71709756316,3.984,14.054754512630305,14.054754512630305
COM,Comoros,Lower middle income,2015,0.1,31.0,,100.0,100.0,47.9991300017476,726682,1329.37048235986,4.031,13.761177516437726,13.761177516437726
COM,Comoros,Lower middle income,2016,0.1,34.0,,100.0,100.0,47.90788179803,741741,1365.48403444497,4.117,13.481794858313076,13.481794858313076
COM,Comoros,Lower middle income,2017,0.1,37.0,,100.0,100.0,48.3431052687657,756669,1423.9248027797,4.049,13.215818277212362,13.215818277212362
COM,Comoros,Lower middle income,2018,0.1,43.0,,100.0,100.0,48.6438961074193,771590,1540.71132257526,3.975,12.960250910457628,12.960250910457628
COM,Comoros,Lower middle income,2019,0.1,54.0,,100.0,100.0,48.7762059249001,786578,1519.26386436068,3.926,12.713297346226312,12.713297346226312
COM,Comoros,Lower middle income,2020,0.1,57.0,,100.0,100.0,48.9334024374124,802163,1527.16991011916,4.468,12.466294256902898,12.466294256902898
COM,Comoros,Lower middle income,2021,0.1,58.0,,100.0,100.0,49.0780119130803,818174,1587.72988658008,4.394,12.222339013461683,12.222339013461683
COM,Comoros,Lower middle income,2022,0.1,62.0,,100.0,100.0,49.1014927848249,834188,1533.87755393614,3.879,11.98770540933219,11.98770540933219
COD,"Congo, Dem. Rep.",Low income,2000,2.1,0.0,0.0,59000.0,65000.0,57.9911539367005,50507442,377.925421481395,3.245,116.81446864800637,128.69390613763412
COD,"Congo, Dem. Rep.",Low income,2001,2.0,0.0,0.0,60000.0,61000.0,58.1403917558587,52132646,142.678142604412,3.251,115.09103144313833,117.00921530052398
COD,"Congo, Dem. Rep.",Low income,2002,1.9,0.0,1.0,61000.0,60000.0,58.2707380952014,53750524,162.38052907429,3.179,113.4872657241444,111.62681874506005
COD,"Congo, Dem. Rep.",Low income,2003,1.8,0.0,3.0,61000.0,57000.0,58.373482085932,55343867,161.491553524396,3.057,110.21998155640263,102.99244178221228
COD,"Congo, Dem. Rep.",Low income,2004,1.8,1.0,6.0,61000.0,56000.0,58.4529824820011,56997741,180.664764963633,2.976,107.0217853019824,98.24950781821336
COD,"Congo, Dem. Rep.",Low income,2005,1.7,1.0,11.0,59000.0,53000.0,58.5210627388329,58775724,214.539740473519,2.948,100.38157930644972,90.17328310579381
COD,"Congo, Dem. Rep.",Low income,2006,1.6,3.0,6.0,57000.0,51000.0,58.5833818902361,60615908,255.445229568751,3.174,94.03472105045428,84.13632936093278
COD,"Congo, Dem. Rep.",Low income,2007,1.5,3.0,5.0,55000.0,50000.0,58.6386008651305,62477752,294.101615124419,3.404,88.03133633873384,80.02848758066712
COD,"Congo, Dem. Rep.",Low income,2008,1.4,4.0,8.0,54000.0,47000.0,58.6919292890571,64390664,352.900363371995,3.627,83.86308922051184,72.99194802526031
COD,"Congo, Dem. Rep.",Low income,2009,1.4,6.0,8.0,52000.0,47000.0,58.7544114819738,66412044,280.178991035792,3.882,78.29905069628636,70.77029582164343
COD,"Congo, Dem. Rep.",Low income,2010,1.3,7.0,7.0,50000.0,44000.0,58.8335085859143,68563038,352.400398754692,4.098,72.925590024176,64.17451922127489
COD,"Congo, Dem. Rep.",Low income,2011,1.2,9.0,11.0,49000.0,43000.0,59.0026968583475,70849311,372.514273875789,4.317,69.16087017416443,60.6921921936545
COD,"Congo, Dem. Rep.",Low income,2012,1.2,11.0,11.0,46000.0,40000.0,59.2809629156728,73254618,409.931424783784,4.485,62.79467596158921,54.60406605355583
COD,"Congo, Dem. Rep.",Low income,2013,1.1,14.0,27.0,43000.0,38000.0,59.6517735942664,75789395,460.370334930107,4.469,56.73617001428762,50.138940942858824
COD,"Congo, Dem. Rep.",Low income,2014,1.1,18.0,43.0,40000.0,36000.0,60.1152294571216,78403242,489.175952097319,4.436,51.01829845250531,45.916468607254785
COD,"Congo, Dem. Rep.",Low income,2015,1.0,21.0,51.0,36000.0,35000.0,60.6208400781987,81035531,495.826633014883,4.441,44.42495724498924,43.190930654850646
COD,"Congo, Dem. Rep.",Low income,2016,1.0,27.0,55.0,32000.0,34000.0,61.0582153216239,83956415,459.765036590388,4.528,38.115014796665626,40.49720322145723
COD,"Congo, Dem. Rep.",Low income,2017,0.9,37.0,49.0,28000.0,33000.0,61.4863243503099,87083398,431.052559128788,4.613,32.15308617148816,37.89470870211105
COD,"Congo, Dem. Rep.",Low income,2018,0.9,36.0,40.0,26000.0,33000.0,61.987626972305,90047644,518.169626875371,4.632,28.87360384464917,36.64726641820857
COD,"Congo, Dem. Rep.",Low income,2019,0.9,40.0,51.0,28000.0,34000.0,62.3974983719675,92947442,504.00419142286,4.605,30.124551464256545,36.57981249231152
COD,"Congo, Dem. Rep.",Low income,2020,0.9,53.0,44.0,23000.0,32000.0,62.7146278447697,95989998,486.425572682256,5.355,23.96082975228315,33.336806611872206
COD,"Congo, Dem. Rep.",Low income,2021,0.8,62.0,40.0,19000.0,30000.0,62.9905057077262,99148932,595.743074403567,5.289,19.163090934756614,30.25751200224729
COD,"Congo, Dem. Rep.",Low income,2022,0.8,67.0,36.0,16000.0,29000.0,63.215991338854,102396968,687.738587554685,4.54,15.625462660183453,28.32115107158251
COG,"Congo, Rep.",Lower middle income,2000,4.5,0.0,0.0,7400.0,7500.0,67.041590595961,3151345,1024.30159109181,19.872,234.82037034980303,237.99361859777332
COG,"Congo, Rep.",Lower middle income,2001,4.3,0.0,0.0,7800.0,7400.0,67.1768221313911,3272537,854.598314408095,19.88,238.34719057416308,226.12425772420602
COG,"Congo, Rep.",Lower middle income,2002,4.2,0.0,2.0,7800.0,7600.0,67.2565632706094,3350771,905.538135544704,19.644,232.78224623526947,226.81347069077535
COG,"Congo, Rep.",Lower middle income,2003,4.0,1.0,3.0,7800.0,7600.0,67.318407555421,3445753,1016.82363412143,19.877,226.36561587554303,220.56136931463166
COG,"Congo, Rep.",Lower middle income,2004,3.9,1.0,5.0,7800.0,7300.0,67.3533986963929,3565554,1306.10136324599,19.896,218.75983367521567,204.7367674139839
COG,"Congo, Rep.",Lower middle income,2005,3.7,3.0,4.0,7500.0,7400.0,67.3109140639327,3696393,1799.05158366154,19.796,202.9005032744083,200.19516323074956
COG,"Congo, Rep.",Lower middle income,2006,3.6,4.0,5.0,7200.0,7400.0,67.1935207960117,3837409,2103.5821381211,19.563,187.62659909329446,192.8384490681082
COG,"Congo, Rep.",Lower middle income,2007,3.5,5.0,9.0,7100.0,7300.0,67.0670851735508,3980430,2206.47101863414,19.909,178.3726883778888,183.39727114909695
COG,"Congo, Rep.",Lower middle income,2008,3.5,10.0,16.0,6300.0,7200.0,66.8595947691366,4113517,2832.09177777643,19.962,153.1536152640186,175.0327031588784
COG,"Congo, Rep.",Lower middle income,2009,3.4,13.0,8.0,5600.0,7300.0,66.6803652392238,4281219,2271.15219175966,19.844,130.80386684259787,170.51218356267222
COG,"Congo, Rep.",Lower middle income,2010,3.4,15.0,10.0,5800.0,7600.0,66.4698902503035,4462290,2946.55798067708,19.3,129.97810541224348,170.316138126388
COG,"Congo, Rep.",Lower middle income,2011,3.4,17.0,23.0,5700.0,7800.0,66.4551771880006,4609724,3396.16505817952,19.435,123.65165463268517,169.20752739209547
COG,"Congo, Rep.",Lower middle income,2012,3.3,17.0,19.0,6000.0,8100.0,66.6542331241012,4740450,3732.32737320389,19.491,126.57026231686864,170.8698541277727
COG,"Congo, Rep.",Lower middle income,2013,3.3,20.0,24.0,6200.0,8200.0,66.9080670726448,4857099,3697.41705884249,19.845,127.64821141179128,168.82505380269168
COG,"Congo, Rep.",Lower middle income,2014,3.3,19.0,20.0,6400.0,8500.0,67.2006537083158,4975880,3601.2365808718,19.696,128.620465123757,170.82405524248978
COG,"Congo, Rep.",Lower middle income,2015,3.2,20.0,19.0,6600.0,8700.0,67.5422089058733,5097581,2439.35189403696,20.02,129.47317561015706,170.66918603157066
COG,"Congo, Rep.",Lower middle income,2016,3.2,21.0,11.0,6600.0,9200.0,67.9395908320228,5222536,2093.10728558843,20.298,126.3753854449256,176.1596281959569
COG,"Congo, Rep.",Lower middle income,2017,3.2,22.0,12.0,6600.0,9500.0,68.3780348673161,5351011,2211.63309874797,20.737,123.34117795683845,177.5365440287826
COG,"Congo, Rep.",Lower middle income,2018,3.2,23.0,8.0,6700.0,9800.0,68.8401258771122,5483118,2694.43413191427,20.84,122.19324844002992,178.73042309138705
COG,"Congo, Rep.",Lower middle income,2019,3.2,23.0,8.0,6700.0,11000.0,69.3315592976829,5616661,2488.42466724916,20.494,119.28795417775791,195.84589491870702
COG,"Congo, Rep.",Lower middle income,2020,3.2,24.0,14.0,6800.0,11000.0,69.7887953265326,5752791,1993.586671931,22.286,118.20349461678688,191.21153540950817
COG,"Congo, Rep.",Lower middle income,2021,3.2,25.0,24.0,6700.0,11000.0,70.11536436941,5892183,2516.16255145432,21.998,113.70997811846644,186.6880237765867
COG,"Congo, Rep.",Lower middle income,2022,3.2,28.0,23.0,6500.0,11000.0,70.3839641628462,6035104,2620.83804267402,20.131,107.70319782393145,182.2669501635763
CIV,Cote d'Ivoire,Lower middle income,2000,6.7,0.0,0.0,60000.0,62000.0,60.0453599015588,17699004,936.636541348798,4.835,339.00212689934415,350.30219779598895
CIV,Cote d'Ivoire,Lower middle income,2001,6.4,0.0,1.0,61000.0,57000.0,60.3452059906808,18178913,924.727294962066,5.195,335.553616434602,313.55010060282484
CIV,Cote d'Ivoire,Lower middle income,2002,6.0,0.0,2.0,62000.0,53000.0,60.63118338503,18654771,967.815864415991,5.508,332.3546560823502,284.1096253607187
CIV,Cote d'Ivoire,Lower middle income,2003,5.7,0.0,4.0,62000.0,47000.0,60.904403571299,19125542,1111.17135087887,5.847,324.173819492279,245.7446696151147
CIV,Cote d'Ivoire,Lower middle income,2004,5.3,1.0,6.0,61000.0,45000.0,61.1617544588871,19595000,1199.82524528546,5.915,311.30390405715747,229.6504210257719
CIV,Cote d'Ivoire,Lower middle income,2005,4.9,3.0,15.0,57000.0,41000.0,61.4357695871533,20068458,1197.74616979415,6.023,284.02780123913857,204.30069913692424
CIV,Cote d'Ivoire,Lower middle income,2006,4.6,5.0,9.0,52000.0,38000.0,61.7197245902922,20546802,1230.43056838584,6.017,253.08074706711048,184.94362285673458
CIV,Cote d'Ivoire,Lower middle income,2007,4.3,6.0,17.0,48000.0,34000.0,62.0060060040245,21030558,1367.53817722326,6.284,228.23930777300345,161.6695096725441
CIV,Cote d'Ivoire,Lower middle income,2008,4.0,10.0,34.0,43000.0,28000.0,61.9042331012794,21514439,1583.97066701372,6.382,199.86577386470546,130.14515507469193
CIV,Cote d'Ivoire,Lower middle income,2009,3.8,14.0,42.0,37000.0,27000.0,61.8530796073894,21997940,1540.45393569596,6.573,168.19756759041982,122.73876553895501
CIV,Cote d'Ivoire,Lower middle income,2010,3.6,15.0,46.0,34000.0,25000.0,61.8528442130892,22488065,1553.54887048143,6.607,151.19130970139048,111.17008066278713
CIV,Cote d'Ivoire,Lower middle income,2011,3.4,19.0,44.0,32000.0,23000.0,61.895823483788,22982000,1596.62826565998,7.144,139.23940475154467,100.07832216517275
CIV,Cote d'Ivoire,Lower middle income,2012,3.2,22.0,57.0,29000.0,20000.0,61.9811101898878,23467078,1546.9460184731,7.223,123.577379339686,85.22577885495586
CIV,Cote d'Ivoire,Lower middle income,2013,3.1,25.0,72.0,28000.0,19000.0,62.0992722845575,23939775,1786.15862031324,4.255,116.96016357714306,79.36582528448993
CIV,Cote d'Ivoire,Lower middle income,2014,2.9,30.0,84.0,26000.0,16000.0,62.6967802236493,24527395,1991.36539423404,3.274,106.00391929106209,65.23318110219205
CIV,Cote d'Ivoire,Lower middle income,2015,2.7,34.0,88.0,24000.0,16000.0,63.3467589750653,25246342,1814.71855088017,2.573,95.06327688977674,63.37551792651783
CIV,Cote d'Ivoire,Lower middle income,2016,2.6,42.0,87.0,21000.0,17000.0,64.023691782981,25989405,1862.59597081287,1.896,80.80215764847252,65.4112704773349
CIV,Cote d'Ivoire,Lower middle income,2017,2.5,52.0,93.0,19000.0,14000.0,64.7069050395832,26733372,1964.29930338343,3.272,71.07221640427552,52.369001561045124
CIV,Cote d'Ivoire,Lower middle income,2018,2.3,57.0,94.0,16000.0,13000.0,65.3412591057407,27464173,2130.86619381144,2.852,58.25771633465897,47.33439452191042
CIV,Cote d'Ivoire,Lower middle income,2019,2.2,62.0,88.0,14000.0,11000.0,65.8788623352372,28193009,2141.76836170115,2.401,49.6577006023018,39.01676475895141
CIV,Cote d'Ivoire,Lower middle income,2020,2.1,66.0,83.0,12000.0,11000.0,66.3659974341898,28915449,2179.72934832935,2.588,41.50030663539065,38.0419477491081
CIV,Cote d'Ivoire,Lower middle income,2021,2.0,69.0,98.0,11000.0,10000.0,66.836667732552,29639736,2455.98127641148,2.623,37.112341351488425,33.73849213771675
CIV,Cote d'Ivoire,Lower middle income,2022,1.9,70.0,95.0,10000.0,9200.0,67.277098714098,30395002,2333.37128301259,2.31,32.90014588582689,30.26813421496074
GNQ,Equatorial Guinea,Upper middle income,2000,,,,,,56.4543963455494,703279,1487.3165506701,7.444,,
GNQ,Equatorial Guinea,Upper middle income,2001,,,,,,56.2865832389894,749836,1948.61145907844,7.551,,
GNQ,Equatorial Guinea,Upper middle income,2002,,,,,,56.0607818201453,797957,2264.21065580365,7.646,,
GNQ,Equatorial Guinea,Upper middle income,2003,,,,,,55.7891673583785,847862,2930.60183743733,7.701,,
GNQ,Equatorial Guinea,Upper middle income,2004,,,,,,55.4996803859756,899917,4901.30127408119,7.658,,
GNQ,Equatorial Guinea,Upper middle income,2005,,,,,,55.2305035014838,947367,8673.9026086535,7.667,,
GNQ,Equatorial Guinea,Upper middle income,2006,,,,,,54.9989006305519,990343,10184.8841248541,7.612,,
GNQ,Equatorial Guinea,Upper middle income,2007,,,,,,54.8313312251518,1036044,12616.9532942011,7.592,,
GNQ,Equatorial Guinea,Upper middle income,2008,,,,,,54.6675915379699,1084530,18210.5552970599,7.571,,
GNQ,Equatorial Guinea,Upper middle income,2009,,,,,,54.4480549871583,1135673,13232.5019378102,7.702,,
GNQ,Equatorial Guinea,Upper middle income,2010,,,,,,54.2587492676343,1189085,13720.1658723222,7.847,,
GNQ,Equatorial Guinea,Upper middle income,2011,,,,,,54.1487337125192,1241835,17198.2136668275,7.837,,
GNQ,Equatorial Guinea,Upper middle income,2012,,,,,,54.1449204038179,1293483,17308.5723924575,7.761,,
GNQ,Equatorial Guinea,Upper middle income,2013,,,,,,54.2478044974881,1346218,16304.0713196418,7.675,,
GNQ,Equatorial Guinea,Upper middle income,2014,,,,,,54.5496298937118,1399828,15548.6624656619,7.669,,
GNQ,Equatorial Guinea,Upper middle income,2015,,,,,,55.0611127053064,1453923,9068.91003238645,7.778,,
GNQ,Equatorial Guinea,Upper middle income,2016,,,,,,55.7079371065505,1508186,7453.19797948517,7.798,,
GNQ,Equatorial Guinea,Upper middle income,2017,,,,,,56.4129059937497,1562396,7809.10465655488,7.843,,
GNQ,Equatorial Guinea,Upper middle income,2018,,,,,,57.1328662415892,1616422,8102.47084834031,7.818,,
GNQ,Equatorial Guinea,Upper middle income,2019,,,,,,57.9276595978178,1670177,6804.14923073888,7.917,,
GNQ,Equatorial Guinea,Upper middle income,2020,,,,,,58.8121756256924,1716468,5764.05502912947,8.625,,
GNQ,Equatorial Guinea,Upper middle income,2021,,,,,,59.5674748450161,1758786,6945.63069794539,8.821,,
GNQ,Equatorial Guinea,Upper middle income,2022,,,,,,60.2749675190682,1803545,7589.29964909381,8.334,,
ERI,Eritrea,Low income,2000,2.3,0.0,,2100.0,2200.0,59.6800918028087,2247031,314.357396753501,5.656,93.45665458108945,97.90697146590323
ERI,Eritrea,Low income,2001,2.2,0.0,,2100.0,1800.0,59.7323764521635,2312079,325.409161513593,5.74,90.82734629742323,77.85201111207705
ERI,Eritrea,Low income,2002,2.0,0.0,,2300.0,1500.0,59.8451747390859,2392978,304.775756465092,5.794,96.11454848310348,62.6834011846327
ERI,Eritrea,Low income,2003,1.9,0.0,,2300.0,1400.0,59.8497272592541,2493903,348.950327077742,5.79,92.22491813033626,56.13690668803076
ERI,Eritrea,Low income,2004,1.7,0.0,,2400.0,1100.0,59.9467922876673,2598284,426.840947887032,5.704,92.36865562040177,42.33563382601748
ERI,Eritrea,Low income,2005,1.6,2.0,,2300.0,890.0,60.0031679485646,2661215,412.753079199423,5.721,86.42668856142777,33.44337079116118
ERI,Eritrea,Low income,2006,1.4,5.0,,2000.0,800.0,59.9754846698959,2703502,447.997404727201,5.707,73.97812171028541,29.591248684114163
ERI,Eritrea,Low income,2007,1.3,10.0,,1600.0,680.0,59.8694379572284,2743222,480.44762365456,5.719,58.32557481676656,24.788369297125787
ERI,Eritrea,Low income,2008,1.2,15.0,,1400.0,590.0,59.7616740450791,2816327,490.066956003333,5.683,49.71013664251346,20.94927187077353
ERI,Eritrea,Low income,2009,1.1,20.0,,1200.0,500.0,59.6265328554483,2887885,642.92572288007,5.757,41.55290117161868,17.31370882150778
ERI,Eritrea,Low income,2010,1.0,26.0,,1000.0,500.0,59.4650317204468,2945186,539.699512069686,5.854,33.95371294037117,16.976856470185584
ERI,Eritrea,Low income,2011,1.0,32.0,,920.0,500.0,59.4462137863667,2998485,688.68165957684,5.801,30.682161158051482,16.675087585897543
ERI,Eritrea,Low income,2012,0.9,38.0,,800.0,500.0,59.4543888012552,3036988,,5.692,26.341888739764528,16.46368046235283
ERI,Eritrea,Low income,2013,0.8,45.0,,670.0,500.0,59.3844043194229,3074360,,5.624,21.793153697029627,16.263547535096738
ERI,Eritrea,Low income,2014,0.8,52.0,,570.0,500.0,59.3814843086097,3095173,,5.637,18.41577191323393,16.154185888801692
ERI,Eritrea,Low income,2015,0.7,59.0,,500.0,500.0,59.4183035620336,3105546,,5.751,16.100228430040964,16.100228430040964
ERI,Eritrea,Low income,2016,0.7,63.0,,500.0,500.0,59.4595520579508,3124698,,5.772,16.001546389443078,16.001546389443078
ERI,Eritrea,Low income,2017,0.6,65.0,,500.0,500.0,59.5396817826858,3150347,,5.804,15.871267514340484,15.871267514340484
ERI,Eritrea,Low income,2018,0.6,67.0,,500.0,500.0,59.8512239368906,3192760,,5.756,15.660431726781843,15.660431726781843
ERI,Eritrea,Low income,2019,0.6,68.0,,500.0,500.0,60.2798296808385,3240194,,5.812,15.431174800027405,15.431174800027405
ERI,Eritrea,Low income,2020,0.5,71.0,,500.0,500.0,60.6564208160533,3291271,,6.375,15.191699498461231,15.191699498461231
ERI,Eritrea,Low income,2021,0.5,69.0,,500.0,500.0,60.9916366192103,3350183,,6.489,14.92455785251134,14.92455785251134
ERI,Eritrea,Low income,2022,0.5,70.0,,500.0,500.0,61.3610732296472,3409447,,6.033,14.66513484444838,14.66513484444838
SWZ,Eswatini,Lower middle income,2000,24.2,0.0,0.0,7400.0,21000.0,55.9905309354996,1041414,1629.67038842815,24.547,710.5723564307758,2016.4891196008505
SWZ,Eswatini,Lower middle income,2001,25.2,1.0,0.0,8500.0,21000.0,56.4223280749118,1051064,1429.85630359447,25.24,808.7043224770327,1997.9753849432575
SWZ,Eswatini,Lower middle income,2002,25.9,1.0,1.0,9400.0,20000.0,56.8099677994862,1059441,1315.73634647994,25.771,887.2603571128549,1887.7879938571377
SWZ,Eswatini,Lower middle income,2003,26.3,2.0,2.0,10000.0,19000.0,57.1243334790767,1066700,2015.21743065251,26.259,937.4707040404987,1781.1943376769477
SWZ,Eswatini,Lower middle income,2004,26.6,3.0,9.0,11000.0,19000.0,57.3860811132582,1073159,2525.5640452625,26.716,1025.01120523613,1770.4738999533156
SWZ,Eswatini,Lower middle income,2005,26.8,6.0,15.0,11000.0,18000.0,57.5967650482985,1079022,2871.06877437449,27.221,1019.4416795950408,1668.177293882794
SWZ,Eswatini,Lower middle income,2006,27.0,10.0,73.0,9700.0,17000.0,57.8176129517302,1084436,2964.95865200682,27.693,894.4741782825357,1567.6351578147535
SWZ,Eswatini,Lower middle income,2007,27.2,13.0,75.0,8800.0,17000.0,58.0688824031896,1090705,3109.11097608864,28.24,806.8176087943119,1558.624926079921
SWZ,Eswatini,Lower middle income,2008,27.5,17.0,74.0,8200.0,17000.0,58.2130327491696,1098091,2946.8606613746,27.891,746.7504969988826,1548.141274265976
SWZ,Eswatini,Lower middle income,2009,27.7,22.0,71.0,7500.0,16000.0,58.2952937386151,1105153,3189.79679956637,27.488,678.639066265033,1447.7633413654037
SWZ,Eswatini,Lower middle income,2010,28.0,31.0,73.0,6500.0,14000.0,58.4058512340477,1111650,3922.74039390733,26.856,584.7164125399181,1259.3891962398236
SWZ,Eswatini,Lower middle income,2011,28.4,34.0,92.0,5400.0,14000.0,58.519055206291,1117833,4225.06049411911,26.105,483.0775258916135,1252.4232152745535
SWZ,Eswatini,Lower middle income,2012,28.8,38.0,91.0,5100.0,14000.0,58.6492995643223,1123863,4224.54789174487,25.226,453.7919657467147,1245.7034353831384
SWZ,Eswatini,Lower middle income,2013,29.2,43.0,92.0,4900.0,13000.0,58.7817734632181,1129990,3949.94310039907,24.556,433.6321560367791,1150.4526588730873
SWZ,Eswatini,Lower middle income,2014,29.4,52.0,85.0,4700.0,13000.0,58.876817210793,1136299,3771.07228381938,23.931,413.62352690621043,1144.065074421433
SWZ,Eswatini,Lower middle income,2015,29.3,67.0,87.0,4400.0,11000.0,58.9164725463292,1142813,3419.82276559528,23.431,385.0148711994001,962.5371779985003
SWZ,Eswatini,Lower middle income,2016,29.0,77.0,93.0,4000.0,8400.0,58.9354785036336,1149507,3238.17611961364,22.718,347.97526243859323,730.7480511210458
SWZ,Eswatini,Lower middle income,2017,28.6,78.0,91.0,3300.0,7200.0,59.0317887868682,1158195,3853.09956569679,24.543,284.9261134783003,621.656974861746
SWZ,Eswatini,Lower middle income,2018,28.1,78.0,100.0,3000.0,6900.0,59.1885284206995,1168929,3972.65450620357,26.471,256.64518546464325,590.2839265686796
SWZ,Eswatini,Lower middle income,2019,27.6,84.0,100.0,3300.0,6300.0,59.3830958116546,1179874,3913.14577547336,28.222,279.6908822467484,533.9553206528833
SWZ,Eswatini,Lower middle income,2020,26.9,90.0,99.0,3300.0,5300.0,59.6076192481914,1192729,3466.56936278145,32.978,276.67642859358665,444.3591125896998
SWZ,Eswatini,Lower middle income,2021,26.1,88.0,100.0,2900.0,5300.0,59.8859596337785,1206593,3984.00229174306,34.153,240.34616477967302,439.25333563181624
SWZ,Eswatini,Lower middle income,2022,25.2,89.0,93.0,2900.0,4400.0,60.3438200687491,1218917,3894.1620089869,36.472,237.91611734022908,360.976178033451
ETH,Ethiopia,Low income,2000,2.7,0.0,0.0,75000.0,59000.0,62.7926755929395,67411494,122.269202606069,3.499,111.25699127807493,87.5221664720856
ETH,Ethiopia,Low income,2001,2.6,0.0,0.0,76000.0,54000.0,63.0874896317701,69487762,118.457204255261,3.16,109.37177686050676,77.71152566404427
ETH,Ethiopia,Low income,2002,2.4,0.0,0.0,76000.0,50000.0,63.3524879361728,71635517,109.593813612988,3.054,106.09262441701928,69.79777922172322
ETH,Ethiopia,Low income,2003,2.2,0.0,1.0,75000.0,46000.0,63.5773799294034,73832663,116.800491132777,3.008,101.58105769529132,62.303048719778666
ETH,Ethiopia,Low income,2004,2.0,1.0,1.0,73000.0,41000.0,63.7470378929689,76077206,133.169812538096,2.776,95.95515376839681,53.892620609647516
ETH,Ethiopia,Low income,2005,1.8,3.0,1.0,68000.0,38000.0,63.8486748528259,78367470,158.243458082465,2.497,86.77069707622307,48.48950718965408
ETH,Ethiopia,Low income,2006,1.7,7.0,10.0,60000.0,34000.0,63.8665280332195,80703490,189.345737521418,2.337,74.34622715820592,42.12952872298335
ETH,Ethiopia,Low income,2007,1.6,13.0,12.0,49000.0,32000.0,63.816423748671,83103217,237.146255996319,2.337,58.96281969445298,38.50633122903052
ETH,Ethiopia,Low income,2008,1.5,20.0,28.0,39000.0,30000.0,63.7460198071275,85543668,316.410475118075,2.326,45.59075021192685,35.06980785532834
ETH,Ethiopia,Low income,2009,1.4,27.0,29.0,32000.0,27000.0,63.678386441775,88007636,368.574712267445,2.326,36.36048126551201,30.679156067775754
ETH,Ethiopia,Low income,2010,1.4,33.0,27.0,27000.0,26000.0,63.6430069164696,90538514,330.619412798644,2.295,29.821563009085835,28.71706067541599
ETH,Ethiopia,Low income,2011,1.3,40.0,41.0,22000.0,23000.0,63.6392338157806,93149970,343.024942351887,2.27,23.61782832565593,24.69136597682211
ETH,Ethiopia,Low income,2012,1.3,44.0,66.0,19000.0,21000.0,63.6488993731199,95798767,452.101031885754,2.252,19.833240651207966,21.92095019344038
ETH,Ethiopia,Low income,2013,1.2,48.0,77.0,17000.0,18000.0,63.6039718968189,98438751,484.039833104062,2.251,17.26962179761911,18.28548190336141
ETH,Ethiopia,Low income,2014,1.2,56.0,79.0,17000.0,17000.0,63.5762775342982,101115610,549.986577082588,2.361,16.812438752038386,16.812438752038386
ETH,Ethiopia,Low income,2015,1.1,60.0,87.0,16000.0,14000.0,63.6026788009587,103867135,597.912113218663,2.442,15.404295112212349,13.478758223185803
ETH,Ethiopia,Low income,2016,1.1,66.0,79.0,16000.0,15000.0,63.7118672926717,106718162,641.651523286233,2.556,14.992761963048054,14.055714340357548
ETH,Ethiopia,Low income,2017,1.0,69.0,75.0,15000.0,15000.0,63.8538002808314,109666481,696.348429076216,2.665,13.677834706850856,13.677834706850856
ETH,Ethiopia,Low income,2018,1.0,71.0,88.0,15000.0,14000.0,64.0034336277006,112664152,739.702022272086,2.811,13.313906627549107,12.426312852379167
ETH,Ethiopia,Low income,2019,0.9,75.0,89.0,14000.0,12000.0,64.1674078042263,115737383,793.473247218996,2.928,12.096350925785146,10.368300793530125
ETH,Ethiopia,Low income,2020,0.9,78.0,99.0,13000.0,11000.0,64.3228543368825,118917671,829.790982552951,3.998,10.931932900031317,9.250097069257269
ETH,Ethiopia,Low income,2021,0.8,78.0,84.0,12000.0,13000.0,64.4986653000824,122138588,893.009835441784,3.935,9.824904804041127,10.643646871044554
ETH,Ethiopia,Low income,2022,0.8,82.0,86.0,11000.0,9700.0,64.6809622167839,125384287,982.103161502198,3.386,8.773029111694036,7.736216580312013
GAB,Gabon,Upper middle income,2000,4.7,0.0,0.0,2300.0,4300.0,70.217405649664,1275572,3982.906200928,17.848,180.31126427986817,337.1036680014927
GAB,Gabon,Upper middle income,2001,4.8,0.0,0.0,2500.0,4200.0,70.3251062812722,1309589,3835.75718279727,17.827,190.899587580531,320.7113071352921
GAB,Gabon,Upper middle income,2002,4.8,1.0,0.0,2700.0,4100.0,70.3840946178454,1345135,3966.48001864663,17.376,200.72334747069996,304.8021202332851
GAB,Gabon,Upper middle income,2003,4.7,2.0,1.0,2800.0,3900.0,70.3948129942871,1382350,4710.74862768151,17.126,202.55362245451585,282.12825984736133
GAB,Gabon,Upper middle income,2004,4.7,5.0,3.0,2800.0,3700.0,70.2957219949194,1421609,5465.79193590708,17.108,196.95992357954967,260.2684704444049
GAB,Gabon,Upper middle income,2005,4.6,11.0,3.0,2500.0,3600.0,70.0303807941449,1463495,6547.87613955186,16.91,170.82395225128886,245.98649124185596
GAB,Gabon,Upper middle income,2006,4.6,12.0,4.0,2300.0,3500.0,69.6604861177681,1508337,6847.00985685394,17.805,152.48581716154945,232.04363481105352
GAB,Gabon,Upper middle income,2007,4.5,14.0,15.0,2400.0,3500.0,69.2661479934316,1556237,8003.54289696049,18.257,154.2181557179273,224.90147708864396
GAB,Gabon,Upper middle income,2008,4.4,17.0,21.0,2500.0,3300.0,68.8984052649291,1607175,9688.64519690633,19.212,155.55244450666544,205.32922674879836
GAB,Gabon,Upper middle income,2009,4.4,21.0,19.0,2500.0,3300.0,68.5722975519871,1661556,7290.57526093114,19.76,150.46137475956272,198.6090146826228
GAB,Gabon,Upper middle income,2010,4.3,23.0,20.0,2500.0,3200.0,68.2515583290297,1719879,8356.74662013345,20.39,145.35906305036576,186.05960070446815
GAB,Gabon,Upper middle income,2011,4.2,28.0,26.0,2400.0,3100.0,68.0255625595596,1781985,10219.1139339454,19.895,134.68126836084477,173.9633049660912
GAB,Gabon,Upper middle income,2012,4.1,33.0,34.0,2100.0,2900.0,67.9652995762104,1846889,9296.96587941088,19.661,113.70472183222707,157.02080633974214
GAB,Gabon,Upper middle income,2013,4.0,38.0,43.0,1900.0,2800.0,68.0327502077441,1913059,9197.70106323947,19.736,99.31737599310841,146.36244883194925
GAB,Gabon,Upper middle income,2014,4.0,40.0,44.0,1800.0,2700.0,68.183735216731,1978399,9201.36276648105,19.873,90.98265819988788,136.47398729983183
GAB,Gabon,Upper middle income,2015,3.9,40.0,53.0,2000.0,2600.0,68.3830260002397,2040989,7047.12654634355,19.943,97.99170892150816,127.3892215979606
GAB,Gabon,Upper middle income,2016,3.8,41.0,66.0,2100.0,2400.0,68.6420210336108,2100306,6677.07003901644,20.117,99.98543069438452,114.26906365072519
GAB,Gabon,Upper middle income,2017,3.7,42.0,61.0,2300.0,2600.0,68.9632240396125,2156900,6921.73373135624,20.307,106.63452176735129,120.54337243265797
GAB,Gabon,Upper middle income,2018,3.6,42.0,65.0,2400.0,2500.0,69.301908454326,2212318,7624.2775233771,20.459,108.4835001116476,113.00364594963293
GAB,Gabon,Upper middle income,2019,3.4,45.0,68.0,2400.0,2400.0,69.6539129524861,2267706,7441.1786472281,20.371,105.8338250196454,105.8338250196454
GAB,Gabon,Upper middle income,2020,3.3,45.0,83.0,2400.0,2200.0,70.0383622255456,2322539,6605.80346077904,21.279,103.33518619063015,94.72392067474432
GAB,Gabon,Upper middle income,2021,3.2,48.0,65.0,2300.0,2300.0,70.4198337057179,2376722,8181.40914134398,21.223,96.77194051302592,96.77194051302592
GAB,Gabon,Upper middle income,2022,3.0,54.0,70.0,2100.0,2000.0,70.7275920399958,2430747,8409.20741452279,20.319,86.39319517827235,82.27923350311653
GMB,"Gambia, The",Low income,2000,1.6,0.0,0.0,700.0,2400.0,54.8134270319499,1455084,538.054072348854,9.722,48.10718831352691,164.93893136066373
GMB,"Gambia, The",Low income,2001,1.7,0.0,0.0,830.0,2400.0,54.8948127954972,1495011,459.803068381399,9.64,55.51798615528582,160.53393587070596
GMB,"Gambia, The",Low income,2002,1.8,0.0,0.0,950.0,2500.0,54.9640573028729,1535691,376.531026962584,10.039,61.86140310778666,162.79316607312276
GMB,"Gambia, The",Low income,2003,1.9,0.0,0.0,1100.0,2500.0,55.0240687830439,1577611,308.719123437587,9.991,69.7256801581632,158.46745490491637
GMB,"Gambia, The",Low income,2004,1.9,0.0,0.0,1200.0,2500.0,55.0788606335891,1621312,593.285346326581,9.948,74.01413176489164,154.19610784352426
GMB,"Gambia, The",Low income,2005,2.0,2.0,8.0,1300.0,2500.0,55.1326827391203,1667037,616.483657865348,9.92,77.982672250226,149.96667740428077
GMB,"Gambia, The",Low income,2006,2.0,2.0,9.0,1300.0,2500.0,55.1823369125299,1715275,614.544307904464,10.241,75.78959642039906,145.7492238853828
GMB,"Gambia, The",Low income,2007,2.0,2.0,12.0,1400.0,2500.0,55.2251694320967,1765774,724.726407242432,10.425,79.28534455711774,141.58097242342453
GMB,"Gambia, The",Low income,2008,2.0,4.0,33.0,1500.0,2500.0,55.267421551876,1817852,859.127671411226,10.065,82.51496821523423,137.5249470253904
GMB,"Gambia, The",Low income,2009,2.0,5.0,54.0,1500.0,2400.0,55.3122808509397,1871422,774.888030908091,9.778,80.15295320884333,128.24472513414932
GMB,"Gambia, The",Low income,2010,2.0,9.0,50.0,1500.0,2300.0,55.3712228571916,1926630,801.033372714536,9.673,77.85615297176936,119.37943455671302
GMB,"Gambia, The",Low income,2011,2.0,13.0,67.0,1300.0,2200.0,55.5827704007693,1983784,710.608411468152,10.276,65.53132800748467,110.89917047420485
GMB,"Gambia, The",Low income,2012,2.0,16.0,56.0,1300.0,2200.0,55.9542752214252,2043094,692.579361628102,10.346,63.6289862336241,107.67982285690232
GMB,"Gambia, The",Low income,2013,1.9,16.0,58.0,1300.0,2100.0,56.320106373939,2103820,653.862713272743,9.454,61.79235866186271,99.8184255307013
GMB,"Gambia, The",Low income,2014,1.9,17.0,59.0,1400.0,2100.0,56.7105957169366,2164528,568.00453558864,8.191,64.67922798873472,97.01884198310209
GMB,"Gambia, The",Low income,2015,1.9,19.0,73.0,1500.0,1900.0,57.1105608288422,2224529,619.536364296461,7.226,67.43000428405294,85.41133875980039
GMB,"Gambia, The",Low income,2016,1.8,23.0,65.0,1500.0,1900.0,57.4720512210297,2283769,650.056501323611,6.244,65.68089854972197,83.19580482964783
GMB,"Gambia, The",Low income,2017,1.8,26.0,66.0,1400.0,1700.0,57.9225776547971,2342189,642.522641296331,5.097,59.773143841082,72.58167466417099
GMB,"Gambia, The",Low income,2018,1.7,29.0,66.0,1400.0,1600.0,58.4520782310638,2399632,696.219806960615,4.055,58.34227914946958,66.67689045653667
GMB,"Gambia, The",Low income,2019,1.6,31.0,71.0,1400.0,1600.0,58.9571108132615,2456844,738.186751987483,4.481,56.983674991167526,65.12419998990575
GMB,"Gambia, The",Low income,2020,1.6,32.0,59.0,1400.0,1500.0,59.4305160164504,2515733,720.335143352133,5.84,55.64978477445739,59.62476940120434
GMB,"Gambia, The",Low income,2021,1.5,33.0,78.0,1400.0,1400.0,59.875868952267,2576010,781.890925169531,6.213,54.34761511018979,54.34761511018979
GMB,"Gambia, The",Low income,2022,1.4,38.0,77.0,1400.0,1300.0,60.3176138654652,2636470,836.244875868476,6.067,53.10130591283041,49.30835549048538
GHA,Ghana,Lower middle income,2000,2.6,0.0,0.0,21000.0,30000.0,63.0683722892958,19637087,253.746936203344,10.456,106.94050497408298,152.77214996297567
GHA,Ghana,Lower middle income,2001,2.5,0.0,0.0,22000.0,29000.0,63.2247629710833,20167069,263.542156494853,9.615,109.08873272561324,143.79878404739924
GHA,Ghana,Lower middle income,2002,2.4,0.0,0.0,23000.0,28000.0,63.362283598916,20729388,297.46164468774,8.711,110.95358917494332,135.07393464775708
GHA,Ghana,Lower middle income,2003,2.4,0.0,0.0,24000.0,27000.0,63.4771784159392,21296705,358.39927142073,7.728,112.6934894388592,126.78017561871661
GHA,Ghana,Lower middle income,2004,2.3,1.0,1.0,25000.0,26000.0,63.5616356580032,21868298,406.132105329565,6.758,114.3207395472661,118.89356912915673
GHA,Ghana,Lower middle income,2005,2.2,1.0,3.0,25000.0,26000.0,63.6056759779776,22449438,478.611909191028,5.816,111.36136236461688,115.81581685920156
GHA,Ghana,Lower middle income,2006,2.1,2.0,8.0,24000.0,25000.0,63.6099074722011,23040702,906.441027564887,4.897,104.1634929352413,108.50363847420968
GHA,Ghana,Lower middle income,2007,2.1,4.0,28.0,23000.0,24000.0,63.5733332563416,23642279,1050.12461524926,5.104,97.2833456537756,101.51305633437453
GHA,Ghana,Lower middle income,2008,2.0,7.0,32.0,22000.0,23000.0,63.5061142863527,24249946,1182.65761256016,5.144,90.72185150432912,94.84557202725318
GHA,Ghana,Lower middle income,2009,2.0,10.0,24.0,21000.0,23000.0,63.4263102859513,24862664,1047.70430093586,5.362,84.46399790464932,92.50818818128259
GHA,Ghana,Lower middle income,2010,1.9,13.0,38.0,20000.0,22000.0,63.342850446207,25474995,1263.89251760539,5.384,78.50835692018781,86.3591926122066
GHA,Ghana,Lower middle income,2011,1.9,19.0,52.0,18000.0,21000.0,63.3495506130655,26095088,1507.43573198753,4.213,68.97849894202311,80.47491543236029
GHA,Ghana,Lower middle income,2012,1.9,22.0,58.0,16000.0,21000.0,63.4921183721,26734268,1543.77524235764,3.126,59.8482816136952,78.55086961797495
GHA,Ghana,Lower middle income,2013,1.9,24.0,47.0,16000.0,21000.0,63.7190911094545,27386193,2294.79584693743,2.173,58.42360053476582,76.68097570188014
GHA,Ghana,Lower middle income,2014,1.8,26.0,55.0,16000.0,21000.0,64.0107395750016,28041592,1949.90832923846,4.403,57.05810140879305,74.88875809904088
GHA,Ghana,Lower middle income,2015,1.8,26.0,52.0,16000.0,21000.0,64.4485613658982,28696068,1722.77282833606,6.806,55.756767791322495,73.18075772611077
GHA,Ghana,Lower middle income,2016,1.8,29.0,65.0,16000.0,20000.0,65.0953829979443,29356742,1912.47991339951,5.256,54.50196074210142,68.12745092762678
GHA,Ghana,Lower middle income,2017,1.7,32.0,74.0,16000.0,20000.0,65.8561163264677,30008354,2012.28662641265,3.369,53.318485912289624,66.64810739036203
GHA,Ghana,Lower middle income,2018,1.7,33.0,80.0,16000.0,19000.0,66.5511441056977,30637585,2195.32166016377,3.204,52.223437323796894,62.01533182200882
GHA,Ghana,Lower middle income,2019,1.7,34.0,78.0,16000.0,19000.0,67.1781773429225,31258945,2186.65822682613,3.067,51.18534870578646,60.78260158812142
GHA,Ghana,Lower middle income,2020,1.6,37.0,82.0,15000.0,19000.0,67.7583558494324,31887809,2195.45481659987,3.178,47.039920491244786,59.58389928891007
GHA,Ghana,Lower middle income,2021,1.6,40.0,86.0,14000.0,18000.0,68.2940091098348,32518665,2445.18662529344,3.2,43.05219786851643,55.352825830949705
GHA,Ghana,Lower middle income,2022,1.6,45.0,88.0,13000.0,17000.0,68.7805612614119,33149152,2229.89122654479,2.87,39.21668946463548,51.283363146061774
GIN,Guinea,Lower middle income,2000,1.5,0.0,0.0,4000.0,11000.0,58.2073066493013,8428832,518.157066924026,4.586,47.45615999939256,130.50443999832953
GIN,Guinea,Lower middle income,2001,1.5,0.0,0.0,4500.0,11000.0,58.8487528696523,8539960,483.085120214741,4.584,52.69345523866622,128.80622391673967
GIN,Guinea,Lower middle income,2002,1.6,0.0,0.0,4800.0,11000.0,59.0278146190398,8674066,495.916073559269,4.549,55.33737004076289,126.81480634341496
GIN,Guinea,Lower middle income,2003,1.6,1.0,0.0,5300.0,11000.0,59.1999701637655,8870781,566.48540588068,4.628,59.746712268062986,124.00261036767789
GIN,Guinea,Lower middle income,2004,1.7,1.0,1.0,5700.0,11000.0,59.4315084086511,9062726,584.897740538081,4.709,62.894983253383145,121.37628347144114
GIN,Guinea,Lower middle income,2005,1.7,2.0,1.0,5900.0,11000.0,59.6895828547165,9245844,463.17768685098,4.814,63.81245454714572,118.97237288450897
GIN,Guinea,Lower middle income,2006,1.7,5.0,7.0,5600.0,10000.0,59.8276438434835,9441171,446.980554135013,4.863,59.31467611379987,105.91906448892833
GIN,Guinea,Lower middle income,2007,1.7,6.0,25.0,5500.0,10000.0,59.8885012467925,9662281,650.148575304743,4.787,56.92237681764792,103.49523057754168
GIN,Guinea,Lower middle income,2008,1.7,9.0,26.0,5400.0,10000.0,59.9359106906277,9898870,703.532825784369,4.803,54.55168115148497,101.0216317620092
GIN,Guinea,Lower middle income,2009,1.7,15.0,13.0,4800.0,10000.0,59.9685005096799,10143534,662.185914665575,4.914,47.32078583262993,98.58497048464568
GIN,Guinea,Lower middle income,2010,1.7,19.0,18.0,4400.0,9800.0,60.0080432935402,10396086,659.235326211315,5.018,42.32362063953684,94.2662459698775
GIN,Guinea,Lower middle income,2011,1.7,21.0,32.0,4400.0,9200.0,60.0704977614542,10656810,636.694958747648,5.024,41.28815283372792,86.32977410688564
GIN,Guinea,Lower middle income,2012,1.7,25.0,32.0,4400.0,8900.0,60.3153043404685,10921581,699.353377212197,4.874,40.28720750228378,81.4900333568922
GIN,Guinea,Lower middle income,2013,1.7,24.0,63.0,4400.0,8100.0,60.789860948428,11191873,748.455020824734,4.944,39.31424168233503,72.37394491520767
GIN,Guinea,Lower middle income,2014,1.7,27.0,0.0,5000.0,9500.0,61.2937687592814,11472924,765.146999389279,5.044,43.58086918382794,82.80365144927309
GIN,Guinea,Lower middle income,2015,1.7,28.0,0.0,5200.0,9200.0,61.8186659980394,11767070,747.356966759448,5.15,44.1911197944773,78.18428886715215
GIN,Guinea,Lower middle income,2016,1.6,30.0,0.0,5500.0,8900.0,62.3797369374348,12073030,711.996509782316,4.997,45.55608658306987,73.71803101624033
GIN,Guinea,Lower middle income,2017,1.6,33.0,0.0,5600.0,8800.0,62.832347018225,12385659,833.598621691121,4.86,45.21358128784266,71.04991345232418
GIN,Guinea,Lower middle income,2018,1.6,34.0,0.0,5700.0,8700.0,63.1679984502345,12704774,933.273615633705,4.835,44.86502475368708,68.47819567668029
GIN,Guinea,Lower middle income,2019,1.5,43.0,51.0,5400.0,7500.0,63.6932301695136,13034346,1031.34146480732,5.018,41.42900610433389,57.54028625601929
GIN,Guinea,Lower middle income,2020,1.5,48.0,57.0,4900.0,7000.0,64.2493167016961,13371183,1053.66097696415,6.007,36.64597216267252,52.351388803817876
GIN,Guinea,Lower middle income,2021,1.5,54.0,60.0,4400.0,6600.0,64.7381083793734,13710513,1244.96550477914,5.815,32.092161686437265,48.13824252965589
GIN,Guinea,Lower middle income,2022,1.4,62.0,55.0,4000.0,6000.0,65.1581738122217,14055137,1416.59612011764,5.174,28.459345504778785,42.68901825716818
GNB,Guinea-Bissau,Low income,2000,3.8,0.0,0.0,1200.0,5600.0,60.5029604799437,1234741,316.945495037639,3.358,97.18637349857177,453.53640966000154
GNB,Guinea-Bissau,Low income,2001,4.2,0.0,0.0,1500.0,5100.0,60.4980439319231,1261273,327.138431972397,2.958,118.9274645536692,404.35337948247525
GNB,Guinea-Bissau,Low income,2002,4.4,0.0,0.0,1700.0,4600.0,60.496304287711,1289307,362.034574570354,3.146,131.8537788129592,356.7808132585955
GNB,Guinea-Bissau,Low income,2003,4.5,0.0,0.0,1900.0,4200.0,60.49893226896,1318806,419.78486611807,3.169,144.06971154210703,318.46988867202606
GNB,Guinea-Bissau,Low income,2004,4.5,0.0,0.0,2200.0,3800.0,60.5042214567071,1349563,431.376557669634,3.226,163.01573175909533,281.572627583892
GNB,Guinea-Bissau,Low income,2005,4.4,0.0,0.0,2400.0,3500.0,60.5099363675125,1381585,463.073962650452,3.184,173.71352468360615,253.33222349692565
GNB,Guinea-Bissau,Low income,2006,4.4,1.0,8.0,2500.0,3400.0,60.5063597149516,1415303,448.513075469701,3.143,176.6406204183839,240.2312437690021
GNB,Guinea-Bissau,Low income,2007,4.3,2.0,8.0,2600.0,3400.0,60.4796316000937,1450986,519.069789794741,3.125,179.1884966498643,234.32341869597641
GNB,Guinea-Bissau,Low income,2008,4.2,5.0,4.0,2500.0,3200.0,60.4353981934279,1488054,640.210331101753,3.157,168.00465574502002,215.04595935362562
GNB,Guinea-Bissau,Low income,2009,4.1,8.0,11.0,2400.0,3100.0,60.3831004043753,1526377,583.190020139094,3.163,157.2350736417019,203.09530345386494
GNB,Guinea-Bissau,Low income,2010,4.0,10.0,17.0,2400.0,2900.0,60.3464165038788,1566347,600.194298540768,3.121,153.22275332349727,185.14416026589254
GNB,Guinea-Bissau,Low income,2011,3.8,13.0,24.0,2300.0,2600.0,60.3375080333274,1608076,719.539573498937,3.072,143.0280658376843,161.68390051216485
GNB,Guinea-Bissau,Low income,2012,3.7,17.0,37.0,2200.0,2400.0,60.5685195824125,1651417,635.461653303881,3.135,133.21892653400081,145.32973803709177
GNB,Guinea-Bissau,Low income,2013,3.6,18.0,61.0,2100.0,2100.0,61.086008117196,1695973,654.304534409417,3.173,123.82272595141549,123.82272595141549
GNB,Guinea-Bissau,Low income,2014,3.4,22.0,100.0,2000.0,1800.0,61.6202420196374,1741122,652.022501029449,3.285,114.86845838488055,103.38161254639249
GNB,Guinea-Bissau,Low income,2015,3.3,26.0,89.0,1900.0,1800.0,62.1408294346161,1786457,645.066837207039,3.168,106.35576451042482,100.75809269408668
GNB,Guinea-Bissau,Low income,2016,3.2,32.0,87.0,1800.0,1700.0,62.6808244200742,1831893,679.665386626818,3.139,98.25901403630016,92.80017992317237
GNB,Guinea-Bissau,Low income,2017,3.0,33.0,87.0,1800.0,1600.0,63.2816810297801,1877072,783.123186602022,3.089,95.89403070313764,85.23913840278902
GNB,Guinea-Bissau,Low income,2018,2.9,42.0,65.0,1700.0,1600.0,64.1199162692859,1922168,808.531613218504,3.127,88.44180113288745,83.2393422427176
GNB,Guinea-Bissau,Low income,2019,2.8,47.0,80.0,1500.0,1400.0,64.9699692091356,1967696,811.210004050041,2.413,76.23128775989788,71.14920190923802
GNB,Guinea-Bissau,Low income,2020,2.7,51.0,81.0,1400.0,1300.0,65.5876611059767,2013255,846.918134967613,2.887,69.53912941977046,64.57204874692972
GNB,Guinea-Bissau,Low income,2021,2.5,57.0,60.0,1300.0,1300.0,66.1433081654426,2058841,926.54619187706,3.016,63.142321335158954,63.142321335158954
GNB,Guinea-Bissau,Low income,2022,2.4,64.0,62.0,1100.0,1100.0,66.6090932377807,2105529,881.602654162231,2.666,52.24340296429068,52.24340296429068
KEN,Kenya,Lower middle income,2000,8.8,0.0,0.0,130000.0,130000.0,64.2794459800381,30642890,414.626365130846,2.884,424.2419693442753,424.2419693442753
KEN,Kenya,Lower middle income,2001,8.3,0.0,0.0,130000.0,130000.0,64.3890891330249,31619170,410.700452474814,2.876,411.14298699175214,411.14298699175214
KEN,Kenya,Lower middle income,2002,7.8,0.0,0.0,140000.0,120000.0,64.47610687264,32629808,402.936385605382,2.916,429.0555433240674,367.761894277772
KEN,Kenya,Lower middle income,2003,7.4,0.0,0.0,140000.0,110000.0,64.5340746786195,33652223,442.898457253405,2.869,416.02006500432384,326.87290821768295
KEN,Kenya,Lower middle income,2004,6.9,2.0,2.0,130000.0,110000.0,64.5392062390553,34713455,463.662781300121,2.844,374.49455837801224,316.8800109352411
KEN,Kenya,Lower middle income,2005,6.5,4.0,20.0,120000.0,100000.0,64.4581931845636,35796484,523.456312433863,2.739,335.22845428059355,279.357045233828
KEN,Kenya,Lower middle income,2006,6.2,9.0,38.0,110000.0,93000.0,64.2841679184038,36904008,699.80237063381,2.673,298.07060523073807,252.00514805871492
KEN,Kenya,Lower middle income,2007,6.0,13.0,57.0,95000.0,86000.0,64.0363463916621,38036349,840.201439476765,2.642,249.7610903717389,226.09951338915312
KEN,Kenya,Lower middle income,2008,5.8,18.0,76.0,81000.0,76000.0,63.758825473316,39206351,915.54435473604,2.751,206.59918083169737,193.8461449778889
KEN,Kenya,Lower middle income,2009,5.6,24.0,78.0,68000.0,72000.0,63.4933105592348,40408891,1047.9678324485,2.816,168.27979763166476,178.17860925705682
KEN,Kenya,Lower middle income,2010,5.5,31.0,50.0,58000.0,67000.0,63.2709436874647,41598567,1091.51873101194,2.793,139.42787981134063,161.06324047172106
KEN,Kenya,Lower middle income,2011,5.3,38.0,69.0,51000.0,59000.0,63.2004569189904,42758461,1096.14499807675,2.699,119.27463900068807,137.98438629491366
KEN,Kenya,Lower middle income,2012,5.2,43.0,57.0,46000.0,57000.0,63.3569283969042,43888303,1285.00536171512,2.678,104.81152574981084,129.87515147259168
KEN,Kenya,Lower middle income,2013,5.0,47.0,59.0,43000.0,52000.0,63.5925685990103,44986791,1370.87885214659,2.762,95.5836125319541,115.58948492236311
KEN,Kenya,Lower middle income,2014,4.9,54.0,70.0,41000.0,46000.0,63.8738223084057,46051440,1482.81566253497,2.767,89.03087503886958,99.88829882409757
KEN,Kenya,Lower middle income,2015,4.7,65.0,90.0,36000.0,38000.0,64.1371329625483,47088526,1489.11959777284,2.762,76.45174537848136,80.69906456617478
KEN,Kenya,Lower middle income,2016,4.5,74.0,92.0,31000.0,32000.0,64.3713691631085,48139687,1554.12610314423,2.757,64.39593178077789,66.47321990273846
KEN,Kenya,Lower middle income,2017,4.3,81.0,85.0,28000.0,30000.0,64.6138239663588,49197766,1667.48447230835,3.542,56.913153333019224,60.97837857109203
KEN,Kenya,Lower middle income,2018,4.1,80.0,96.0,25000.0,25000.0,64.8399299325316,50207107,1836.45275528993,4.284,49.7937473274451,49.7937473274451
KEN,Kenya,Lower middle income,2019,3.9,78.0,100.0,24000.0,25000.0,65.0570812178574,51202827,1960.40808854893,5.014,46.87241194709816,48.82542911156058
KEN,Kenya,Lower middle income,2020,3.7,78.0,100.0,25000.0,24000.0,65.2973564383673,52217334,1927.66459027849,5.613,47.876821899792894,45.961749023801175
KEN,Kenya,Lower middle income,2021,3.6,84.0,100.0,25000.0,24000.0,65.5326516425955,53219166,2061.35622089594,5.693,46.97555764026817,45.096535334657446
KEN,Kenya,Lower middle income,2022,3.4,85.0,92.0,23000.0,23000.0,65.7546859846309,54252461,2109.56288513137,5.565,42.39439018259467,42.39439018259467
LSO,Lesotho,Lower middle income,2000,22.0,0.0,0.0,13000.0,27000.0,61.0591329073987,2003913,442.779545779081,16.169,648.7307582714419,1347.363882563764
LSO,Lesotho,Lower middle income,2001,22.5,0.0,0.0,15000.0,26000.0,60.97021086072,2000853,412.677473676821,16.081,749.6802613685263,1299.4457863721123
LSO,Lesotho,Lower middle income,2002,22.8,0.0,0.0,16000.0,26000.0,60.8931603141082,1994679,388.92334985135,16.079,802.1340777137575,1303.4678762848557
LSO,Lesotho,Lower middle income,2003,23.1,0.0,0.0,18000.0,26000.0,60.8112476089004,1985059,583.270036200288,16.056,906.774055582227,1309.7847469521057
LSO,Lesotho,Lower middle income,2004,23.2,1.0,3.0,19000.0,26000.0,60.7212823532901,1971129,766.685820928242,16.154,963.9145890502347,1319.041016595058
LSO,Lesotho,Lower middle income,2005,23.3,3.0,6.0,18000.0,25000.0,60.6226069585426,1953076,861.381496414995,16.031,921.6231216808767,1280.0321134456622
LSO,Lesotho,Lower middle income,2006,23.5,7.0,17.0,17000.0,25000.0,60.467760914705,1945063,925.467485502842,16.054,874.007679956896,1285.3054117013176
LSO,Lesotho,Lower middle income,2007,23.8,15.0,30.0,14000.0,24000.0,60.2558055534024,1953268,861.188420899563,15.942,716.7475226133843,1228.7100387658018
LSO,Lesotho,Lower middle income,2008,24.2,20.0,17.0,11000.0,24000.0,60.056479668993,1966541,898.482517882593,15.851,559.3577759121218,1220.4169656264476
LSO,Lesotho,Lower middle income,2009,24.6,27.0,48.0,9400.0,22000.0,59.930886100793,1980883,878.847950537772,16.115,474.5358509311252,1110.6158213281653
LSO,Lesotho,Lower middle income,2010,24.8,33.0,65.0,8200.0,19000.0,59.9181191819435,1996251,1119.47557793042,16.068,410.76998834314924,951.7841193316872
LSO,Lesotho,Lower middle income,2011,24.9,34.0,90.0,7600.0,18000.0,59.9488079234134,2014009,1280.73390931581,16.115,377.3568042645291,893.7397995738847
LSO,Lesotho,Lower middle income,2012,24.9,37.0,91.0,7700.0,17000.0,60.010157175047,2034354,1217.93071228944,15.761,378.4985307375216,835.6461068230997
LSO,Lesotho,Lower middle income,2013,24.9,40.0,89.0,7800.0,17000.0,60.152319921295,2056504,1151.03735837227,15.926,379.2844555614771,826.6456082750144
LSO,Lesotho,Lower middle income,2014,24.7,44.0,97.0,7800.0,15000.0,60.3490633485665,2080089,1173.5377928819,16.066,374.98395501346334,721.1229904105064
LSO,Lesotho,Lower middle income,2015,24.3,51.0,100.0,7600.0,13000.0,60.5574297483343,2104611,1121.19851342518,16.223,361.11186342749323,617.6913453365016
LSO,Lesotho,Lower middle income,2016,23.8,61.0,96.0,7000.0,11000.0,60.7403825204266,2130422,992.491840678465,16.138,328.57340001182865,516.3296285900165
LSO,Lesotho,Lower middle income,2017,23.1,68.0,82.0,6300.0,9100.0,60.9069633033602,2157110,1069.36673247542,16.379,292.05742868931117,421.86073032900504
LSO,Lesotho,Lower middle income,2018,22.3,71.0,93.0,5600.0,7400.0,61.1047620153164,2183603,1170.65569702819,16.614,256.4568742578207,338.88944098354875
LSO,Lesotho,Lower middle income,2019,21.5,77.0,97.0,5400.0,6600.0,61.3068223265922,2209405,1082.05706777516,16.876,244.4096940126414,298.72295934878395
LSO,Lesotho,Lower middle income,2020,20.7,81.0,100.0,5000.0,5800.0,61.5010447759094,2235727,918.582574704447,18.385,223.64090070030912,259.4234448123586
LSO,Lesotho,Lower middle income,2021,19.8,84.0,97.0,4600.0,4800.0,61.7040537354418,2261542,1066.58645143823,18.214,203.40104229768895,212.24456587584933
LSO,Lesotho,Lower middle income,2022,18.9,87.0,90.0,4300.0,3900.0,61.9396491496346,2286110,1030.12582947757,16.623,188.09243649693147,170.59546566000762
LBR,Liberia,Low income,2000,2.7,0.0,0.0,3900.0,,59.6577539503556,2928117,298.485340578945,2.018,133.19139911417474,
LBR,Liberia,Low income,2001,2.6,0.0,0.0,4100.0,,59.7923466621155,3015338,300.463828598983,2.104,135.97148976333665,
LBR,Liberia,Low income,2002,2.5,0.0,0.0,4200.0,,59.9086284060778,3094782,299.536445539621,2.222,135.7123054224821,
LBR,Liberia,Low income,2003,2.4,0.0,0.0,4300.0,,60.0416171523731,3119532,239.779556677091,2.42,137.84118899886266,
LBR,Liberia,Low income,2004,2.3,0.0,0.0,4200.0,,60.1166937260758,3156892,284.140223992458,2.424,133.0422453476394,
LBR,Liberia,Low income,2005,2.2,0.0,0.0,4200.0,,60.1729366667721,3301015,287.487333441381,2.413,127.23359330387774,
LBR,Liberia,Low income,2006,2.0,2.0,0.0,4100.0,,60.1945740085449,3490787,320.55808618515,2.28,117.4520244288752,
LBR,Liberia,Low income,2007,1.9,3.0,1.0,4000.0,,60.1868161131433,3669050,374.211308104278,2.232,109.02004606096946,
LBR,Liberia,Low income,2008,1.9,4.0,11.0,3900.0,,60.1632355990442,3821003,451.713856283285,2.221,102.06744145450814,
LBR,Liberia,Low income,2009,1.8,7.0,11.0,3700.0,,60.1426678413287,3943028,448.386367025545,2.241,93.83651346122828,
LBR,Liberia,Low income,2010,1.7,10.0,17.0,3400.0,,60.1460401029249,4058890,492.252808033724,2.266,83.76674410984283,
LBR,Liberia,Low income,2011,1.6,13.0,25.0,3100.0,,60.1660069756421,4221178,568.087865520004,2.211,73.43921530909145,
LBR,Liberia,Low income,2012,1.6,12.0,27.0,3200.0,,60.2635874233458,4373043,638.368751462083,2.146,73.17558962946397,
LBR,Liberia,Low income,2013,1.5,15.0,21.0,3100.0,,60.5822890162472,4470239,710.744570927863,2.08,69.34752258212592,
LBR,Liberia,Low income,2014,1.4,16.0,22.0,3000.0,,61.0674907350376,4564293,706.714490064507,2.079,65.72759461322926,
LBR,Liberia,Low income,2015,1.4,18.0,43.0,2900.0,,61.4638995149549,4659431,692.590082351257,2.557,62.23935926940435,
LBR,Liberia,Low income,2016,1.3,20.0,52.0,2800.0,,61.9053948652136,4755608,714.613063145659,3.081,58.87785536570718,
LBR,Liberia,Low income,2017,1.3,30.0,59.0,2400.0,,62.6734317278803,4848925,699.269095727404,3.067,49.49550673602912,
LBR,Liberia,Low income,2018,1.2,36.0,70.0,2000.0,,63.4324098885622,4944726,692.203127129794,3.058,40.44713498786384,
LBR,Liberia,Low income,2019,1.2,41.0,72.0,1700.0,,64.0389937780464,5043721,658.164180770507,3.071,33.70527434011516,
LBR,Liberia,Low income,2020,1.1,49.0,54.0,1600.0,,64.6119849745368,5149463,616.787867006715,4.102,31.071201016494342,
LBR,Liberia,Low income,2021,1.1,57.0,75.0,1300.0,,65.0505724903929,5259323,667.96610514319,3.844,24.718010283833113,
LBR,Liberia,Low income,2022,1.0,67.0,69.0,1200.0,,65.3035874316329,5373294,744.617175237387,2.956,22.33266968083265,
MDG,Madagascar,Low income,2000,0.1,0.0,0.0,500.0,1100.0,40.920209966726,16516338,280.282905559649,5.8,3.027305447490842,6.660071984479852
MDG,Madagascar,Low income,2001,0.1,0.0,0.0,500.0,1300.0,41.8398355280621,17032939,319.283278235657,5.35,2.9354887022139864,7.632270625756365
MDG,Madagascar,Low income,2002,0.1,0.0,0.0,500.0,1600.0,42.6392452548556,17549913,304.941777398445,5.515,2.849016972334849,9.116854311471515
MDG,Madagascar,Low income,2003,0.1,0.0,0.0,500.0,2000.0,43.3108543900469,18071854,352.620095849925,5.01,2.7667332859152136,11.066933143660854
MDG,Madagascar,Low income,2004,0.1,0.0,0.0,500.0,2300.0,43.8739025248006,18606608,272.20074858856,3.951,2.6872173584782355,12.361199848999883
MDG,Madagascar,Low income,2005,0.1,0.0,1.0,570.0,2800.0,44.3310590071188,19159707,305.812074924388,2.62,2.9749933023506046,14.614002186985427
MDG,Madagascar,Low income,2006,0.1,1.0,2.0,690.0,3100.0,44.705898275605,19730909,324.146874882604,2.945,3.4970512509079033,15.711389677992027
MDG,Madagascar,Low income,2007,0.2,1.0,4.0,820.0,3500.0,45.0223320702342,20318583,419.548001431865,3.202,4.035714498397845,17.225610663893242
MDG,Madagascar,Low income,2008,0.2,1.0,2.0,980.0,3800.0,45.2703997599032,20923840,512.579800058444,3.431,4.683652713842201,18.16110235979629
MDG,Madagascar,Low income,2009,0.2,1.0,2.0,1200.0,4000.0,45.4705420641671,21547280,446.315238370592,3.885,5.569148402953877,18.563828009846254
MDG,Madagascar,Low income,2010,0.2,1.0,2.0,1300.0,4200.0,45.6393302341234,22183340,450.009391645726,4.28,5.860253685874174,18.933127292824256
MDG,Madagascar,Low income,2011,0.2,1.0,10.0,1500.0,4300.0,45.7869703547988,22822300,506.163691559309,2.516,6.572518983625664,18.84122108639357
MDG,Madagascar,Low income,2012,0.2,1.0,7.0,1700.0,4400.0,45.9251633307941,23462438,493.511162904211,0.599,7.245623834999585,18.753379337645985
MDG,Madagascar,Low income,2013,0.2,2.0,5.0,1900.0,4700.0,46.0643540639419,24109290,515.301589361832,0.995,7.88077956671474,19.49455998082067
MDG,Madagascar,Low income,2014,0.3,2.0,5.0,2100.0,5000.0,46.1972928583493,24764348,505.684922503435,1.385,8.479932522350275,20.190315529405417
MDG,Madagascar,Low income,2015,0.3,3.0,4.0,2300.0,5200.0,46.3197712169768,25426702,445.320069480568,1.785,9.045608824927433,20.450941691140283
MDG,Madagascar,Low income,2016,0.3,4.0,2.0,2500.0,5700.0,46.4321026976108,26099952,453.970714522463,1.949,9.578561677048295,21.839120623670112
MDG,Madagascar,Low income,2017,0.3,5.0,7.0,2700.0,6200.0,46.5150228837097,26788375,491.866848718929,2.123,10.078998819450602,23.14436765947916
MDG,Madagascar,Low income,2018,0.3,7.0,17.0,2800.0,6700.0,46.5913144265899,27494926,500.45718552916,2.303,10.183697166524471,24.368132505612127
MDG,Madagascar,Low income,2019,0.3,10.0,19.0,2900.0,7200.0,46.683040644741,28219554,499.818837622534,2.479,10.276562131350483,25.514223222663265
MDG,Madagascar,Low income,2020,0.3,10.0,14.0,3000.0,7900.0,46.7760363490359,28953556,450.771615205157,3.292,10.361421581514893,27.28507683132255
MDG,Madagascar,Low income,2021,0.4,15.0,19.0,3100.0,8600.0,46.9157402564716,29691083,483.469463351195,3.498,10.44084515206131,28.964925260557184
MDG,Madagascar,Low income,2022,0.4,18.0,18.0,3100.0,9100.0,47.1013482153687,30437261,504.059106969168,3.186,10.18488490143709,29.89756535583146
MWI,Malawi,Low income,2000,15.3,0.0,0.0,74000.0,96000.0,58.4451460784467,11315942,224.22415918428,5.045,653.9446738062107,848.3606579107598
MWI,Malawi,Low income,2001,14.8,0.0,0.0,77000.0,91000.0,58.7720006560125,11593058,215.474524898357,5.221,664.1905871600056,784.9525120981884
MWI,Malawi,Low income,2002,14.3,0.0,1.0,79000.0,86000.0,59.118940315406,11880440,428.210439838398,5.248,664.9585368892061,723.8789135755915
MWI,Malawi,Low income,2003,13.6,0.0,2.0,80000.0,81000.0,59.488688481743,12181574,383.348596852642,5.165,656.7295819078881,664.9387016817367
MWI,Malawi,Low income,2004,12.9,1.0,5.0,79000.0,78000.0,59.8798703827632,12500737,404.674248445428,4.964,631.9627394768805,623.9632111290719
MWI,Malawi,Low income,2005,12.3,3.0,9.0,75000.0,73000.0,60.2965946594641,12840031,414.361121984475,4.935,584.1107392965017,568.5344529152617
MWI,Malawi,Low income,2006,11.8,6.0,17.0,69000.0,69000.0,60.7365102637853,13198701,440.822149023873,4.954,522.7787189057468,522.7787189057468
MWI,Malawi,Low income,2007,11.3,11.0,23.0,60000.0,65000.0,61.182934718809,13576343,475.180261659331,4.876,441.94522781282114,478.77399679722294
MWI,Malawi,Low income,2008,11.1,17.0,44.0,51000.0,63000.0,61.5948611144086,13976417,554.048820396119,4.796,364.9003889909696,450.75930404766825
MWI,Malawi,Low income,2009,10.9,22.0,50.0,43000.0,57000.0,61.9385353916384,14395788,625.869729869625,4.732,298.69848041663295,395.9491484592577
MWI,Malawi,Low income,2010,10.7,27.0,25.0,38000.0,57000.0,62.2470901267569,14826463,683.124694716799,4.78,256.2984846756775,384.4477270135163
MWI,Malawi,Low income,2011,10.5,34.0,46.0,34000.0,54000.0,62.5189752050855,15265022,763.061000394572,4.829,222.7314182711299,353.7498996070887
MWI,Malawi,Low income,2012,10.3,42.0,56.0,29000.0,51000.0,62.7629706932917,15709577,558.46208832772,4.949,184.60076932688892,324.64273226452883
MWI,Malawi,Low income,2013,10.1,48.0,63.0,26000.0,48000.0,62.985655170999,16161816,496.947368267313,4.978,160.87301080522138,296.9963276404087
MWI,Malawi,Low income,2014,9.9,54.0,67.0,24000.0,45000.0,63.1858542897371,16621538,529.5133440206,4.967,144.39097031814987,270.733069346531
MWI,Malawi,Low income,2015,9.6,59.0,77.0,22000.0,40000.0,63.3670209586028,17085587,539.605363240686,4.953,128.7635010725707,234.11545649558312
MWI,Malawi,Low income,2016,9.4,67.0,83.0,22000.0,36000.0,63.5313229943562,17557739,450.506105510719,5.011,125.30087159855834,205.03778988854998
MWI,Malawi,Low income,2017,9.0,74.0,89.0,20000.0,30000.0,63.6869452568131,18039715,495.769683367165,5.046,110.86649650507228,166.29974475760844
MWI,Malawi,Low income,2018,8.7,80.0,97.0,19000.0,25000.0,63.8322554364502,18528081,533.202567189331,5.021,102.54704737096088,134.9303254881064
MWI,Malawi,Low income,2019,8.3,81.0,92.0,17000.0,22000.0,63.9537666145935,19025752,580.889139762475,4.964,89.35257854722379,115.63274870817196
MWI,Malawi,Low income,2020,7.9,85.0,96.0,16000.0,19000.0,64.0824294134243,19533888,602.507478176106,5.72,81.9089369202895,97.26686259284378
MWI,Malawi,Low income,2021,7.4,87.0,93.0,16000.0,16000.0,64.2238828305374,20047258,617.446994451007,5.652,79.81141361077908,79.81141361077908
MWI,Malawi,Low income,2022,7.0,88.0,89.0,15000.0,15000.0,64.350873717041,20568728,604.269740360317,5.02,72.92624026142987,72.92624026142987
MLI,Mali,Low income,2000,1.7,0.0,0.0,7500.0,11000.0,58.5820915392186,11559290,304.652870189314,1.412,64.88287775460257,95.16155404008377
MLI,Mali,Low income,2001,1.7,0.0,0.0,7900.0,10000.0,58.8001036500788,11912158,346.224554248587,1.332,66.31879798773656,83.94784555409692
MLI,Mali,Low income,2002,1.6,0.0,0.0,8200.0,10000.0,58.9954897604582,12288050,378.191678628068,1.36,66.73149930216755,81.37987719776531
MLI,Mali,Low income,2003,1.6,1.0,0.0,8300.0,9400.0,59.1719674508024,12684955,441.910358475171,1.272,65.4318442595973,74.10353446267645
MLI,Mali,Low income,2004,1.5,3.0,0.0,8100.0,9400.0,59.3162906264699,13102409,495.006294675661,1.413,61.82069266804295,71.74253223204985
MLI,Mali,Low income,2005,1.5,3.0,3.0,8100.0,9700.0,59.4254938991513,13538647,548.730382848879,1.367,59.82872586898824,71.64674579372667
MLI,Mali,Low income,2006,1.4,7.0,12.0,7600.0,9400.0,59.5027833087984,13990139,586.985415512593,1.395,54.32397776748322,67.19018302820294
MLI,Mali,Low income,2007,1.4,11.0,20.0,6600.0,9100.0,59.5419286790591,14457775,670.853394978069,1.372,45.65017784548452,62.94191187786502
MLI,Mali,Low income,2008,1.4,15.0,11.0,6100.0,9100.0,59.5684264984474,14940782,767.194838946144,1.383,40.82784957306786,60.907119854904515
MLI,Mali,Low income,2009,1.4,18.0,41.0,5800.0,8400.0,59.5917597668294,15435539,787.48256428259,1.406,37.57562337149354,54.419868331128576
MLI,Mali,Low income,2010,1.3,21.0,46.0,5500.0,7800.0,59.6130805450506,15945198,797.151541141189,1.375,34.49314332753974,48.91754871905636
MLI,Mali,Low income,2011,1.3,25.0,64.0,5200.0,7400.0,59.7916861810049,16469049,938.292902579598,1.403,31.574379309940728,44.93277055645411
MLI,Mali,Low income,2012,1.3,25.0,70.0,5200.0,6700.0,60.1765281221434,16957033,872.506092463946,1.462,30.665742055228648,39.5116291865446
MLI,Mali,Low income,2013,1.2,25.0,42.0,5600.0,7500.0,60.6030545852003,17459615,901.920957649814,1.517,32.07401766877448,42.95627366353725
MLI,Mali,Low income,2014,1.2,27.0,46.0,5800.0,6900.0,61.0227046950646,18020267,947.915033293219,1.476,32.1859825939316,38.290220672091046
MLI,Mali,Low income,2015,1.2,30.0,52.0,5600.0,6700.0,61.3781836659749,18593022,838.11986940103,1.404,30.118826299457936,36.03502432256575
MLI,Mali,Low income,2016,1.1,33.0,47.0,5400.0,6500.0,61.6770263778647,19191289,872.468587171653,1.367,28.137766045834653,33.869533203319484
MLI,Mali,Low income,2017,1.1,36.0,46.0,5300.0,6200.0,61.9330312220445,19813011,924.057531692284,1.498,26.750098710387835,31.292568302717847
MLI,Mali,Low income,2018,1.0,40.0,47.0,5100.0,6100.0,62.1797079249554,20442030,996.379292136901,1.62,24.948598549165613,29.84048061762946
MLI,Mali,Low income,2019,1.0,39.0,39.0,5100.0,5700.0,62.446885187461,21068405,971.949318638092,3.29,24.206863310250586,27.05472958204477
MLI,Mali,Low income,2020,0.9,47.0,40.0,4900.0,5300.0,62.7271662453749,21713836,953.242943290974,3.528,22.566256832740194,24.40840024765776
MLI,Mali,Low income,2021,0.9,47.0,48.0,4500.0,5100.0,62.9512925597183,22388630,1027.27345365357,4.006,20.09948799904237,22.77941973224802
MLI,Mali,Low income,2022,0.8,54.0,43.0,4400.0,4800.0,63.1082884357606,23072640,976.914116406452,2.387,19.070206096918252,20.803861196638096
MRT,Mauritania,Lower middle income,2000,0.7,0.0,0.0,590.0,1400.0,49.3869740444092,2613441,680.911061879778,10.03,22.57560052053978,53.569221574162185
MRT,Mauritania,Lower middle income,2001,0.7,0.0,0.0,660.0,1400.0,48.8094396634819,2678760,651.817840199777,10.132,24.638265466111186,52.26298735235706
MRT,Mauritania,Lower middle income,2002,0.7,0.0,0.0,710.0,1300.0,48.2411903166555,2738655,648.879643934862,10.201,25.925134783315166,47.468556645506645
MRT,Mauritania,Lower middle income,2003,0.7,0.0,0.0,760.0,1200.0,47.7198841491308,2802046,732.017820812675,9.911,27.12303795155397,42.82584939719048
MRT,Mauritania,Lower middle income,2004,0.7,1.0,0.0,800.0,1000.0,47.2650376988146,2868664,823.554457141893,9.77,27.887546258467356,34.8594328230842
MRT,Mauritania,Lower middle income,2005,0.7,2.0,0.0,790.0,910.0,46.8961590569207,2939059,998.96583416747,9.59,26.879351520333547,30.96229099177662
MRT,Mauritania,Lower middle income,2006,0.6,5.0,1.0,750.0,790.0,46.646861728575,3013660,1300.60367988659,9.313,24.886682638386546,26.213972379100493
MRT,Mauritania,Lower middle income,2007,0.6,8.0,6.0,700.0,640.0,46.6793413394293,3093059,1405.15016203368,9.482,22.631317411016084,20.691490204357564
MRT,Mauritania,Lower middle income,2008,0.6,11.0,5.0,670.0,520.0,46.8590074657355,3183269,1635.5630623124,9.715,21.04754577762671,16.33540866323267
MRT,Mauritania,Lower middle income,2009,0.5,14.0,8.0,640.0,500.0,47.2665179752162,3284448,1435.43010811893,10.214,19.48577051608063,15.223258215687995
MRT,Mauritania,Lower middle income,2010,0.5,17.0,8.0,630.0,500.0,47.8436154504123,3390965,1659.96369705455,10.093,18.578782146085256,14.74506519530576
MRT,Mauritania,Lower middle income,2011,0.4,19.0,9.0,630.0,500.0,48.3906235647012,3502811,1931.19975525465,9.976,17.98555502994595,14.274250023766626
MRT,Mauritania,Lower middle income,2012,0.4,21.0,4.0,630.0,500.0,48.9315899202948,3619034,1859.11733247641,9.864,17.407960245745137,13.815841464877092
MRT,Mauritania,Lower middle income,2013,0.4,26.0,10.0,620.0,500.0,49.6096894158372,3734318,1936.26950446101,9.926,16.602763878169988,13.389325708201605
MRT,Mauritania,Lower middle income,2014,0.3,28.0,63.0,570.0,200.0,50.4726610795254,3848514,1718.97089374709,10.026,14.810911432308679,5.196811028880238
MRT,Mauritania,Lower middle income,2015,0.3,33.0,60.0,530.0,200.0,51.3374357204604,3965959,1558.84205473416,10.104,13.363728671930296,5.042916479973696
MRT,Mauritania,Lower middle income,2016,0.3,36.0,19.0,500.0,500.0,52.1729016569971,4086657,1568.00551190332,10.287,12.23493921804546,12.23493921804546
MRT,Mauritania,Lower middle income,2017,0.2,44.0,14.0,500.0,500.0,53.0180002958985,4210600,1617.93401542267,10.336,11.874792191136654,11.874792191136654
MRT,Mauritania,Lower middle income,2018,0.2,45.0,23.0,500.0,200.0,53.9181274604224,4337685,1723.37809442655,10.411,11.526885884982427,4.610754353992971
MRT,Mauritania,Lower middle income,2019,0.2,51.0,41.0,500.0,200.0,54.7099953384443,4467708,1767.072710621,10.416,11.191420746387186,4.4765682985548745
MRT,Mauritania,Lower middle income,2020,0.2,54.0,25.0,500.0,200.0,55.3313611765033,4600131,1795.72437324423,11.051,10.869255679892595,4.347702271957037
MRT,Mauritania,Lower middle income,2021,0.2,59.0,9.0,500.0,200.0,55.7879840691015,4734874,1947.47413907209,11.131,10.559943094578651,4.223977237831461
MRT,Mauritania,Lower middle income,2022,0.2,62.0,29.0,500.0,500.0,56.1154639353436,4875637,1961.28166648869,10.52,10.255070260562876,10.255070260562876
MUS,Mauritius,Upper middle income,2000,,,,,,35.857172224402,1186873,3981.98343249582,9.125,,
MUS,Mauritius,Upper middle income,2001,,,,,,32.8464875507157,1196287,3908.55694927435,9.14,,
MUS,Mauritius,Upper middle income,2002,,,,,,31.187972642732,1204621,4073.06053055903,8.205,,
MUS,Mauritius,Upper middle income,2003,,,,,,30.5467028474174,1213370,4858.26575549747,8.318,,
MUS,Mauritius,Upper middle income,2004,,,,,,30.4995038237826,1221003,5460.60800184198,8.337,,
MUS,Mauritius,Upper middle income,2005,,,,,,30.7119016449375,1228254,5354.02974260642,9.524,,
MUS,Mauritius,Upper middle income,2006,,,,,,30.9640695432164,1233996,5784.22491883026,9.04,,
MUS,Mauritius,Upper middle income,2007,,,,,,31.1624533006996,1239630,6677.37538616398,8.475,,
MUS,Mauritius,Upper middle income,2008,,,,,,31.2516184764646,1244121,8140.47983639243,7.17,,
MUS,Mauritius,Upper middle income,2009,,,,,,31.2806193400925,1247429,7426.86137313939,7.257,,
MUS,Mauritius,Upper middle income,2010,,,,,,31.3136925795281,1250400,8113.17670740212,7.654,,
MUS,Mauritius,Upper middle income,2011,,,,,,31.2429064678449,1252404,9324.24232310496,7.447,,
MUS,Mauritius,Upper middle income,2012,,,,,,31.1209666414102,1255882,9421.52514098225,7.472,,
MUS,Mauritius,Upper middle income,2013,,,,,,31.1543601998265,1258927,9877.13865958834,7.322,,
MUS,Mauritius,Upper middle income,2014,,,,,,31.2636640986287,1261208,10490.3315563853,7.467,,
MUS,Mauritius,Upper middle income,2015,,,,,,31.4275220119488,1262879,9630.5437837507,7.41,,
MUS,Mauritius,Upper middle income,2016,,,,,,31.7242020448282,1263747,10095.1225574156,6.814,,
MUS,Mauritius,Upper middle income,2017,,,,,,32.1857970962787,1264887,10986.7034093005,6.752,,
MUS,Mauritius,Upper middle income,2018,,,,,,32.7326982942298,1265577,11818.7480619272,6.426,,
MUS,Mauritius,Upper middle income,2019,,,,,,33.3916350317729,1265985,11568.2533399824,6.331,,
MUS,Mauritius,Upper middle income,2020,,,,,,34.1203577183998,1266014,9135.84773751062,8.626,,
MUS,Mauritius,Upper middle income,2021,,,,,,34.8141240940494,1266334,9177.71195973013,7.719,,
MUS,Mauritius,Upper middle income,2022,,,,,,35.6722631497171,1262523,10246.5017455553,6.322,,
MOZ,Mozambique,Low income,2000,8.8,0.0,0.0,51000.0,160000.0,60.8552991396135,18129653,327.12623979157,2.832,281.3070939636848,882.532059493913
MOZ,Mozambique,Low income,2001,9.4,0.0,0.0,58000.0,160000.0,60.9994124793949,18537729,304.792138621913,2.838,312.87543366288287,863.104644587263
MOZ,Mozambique,Low income,2002,9.9,0.0,0.0,65000.0,160000.0,61.1214077107065,18958338,313.886661721198,2.902,342.85705846155923,843.9558362130688
MOZ,Mozambique,Low income,2003,10.3,0.0,2.0,71000.0,160000.0,61.2144628082793,19392475,339.488737800648,2.857,366.12139502564787,825.0622986493473
MOZ,Mozambique,Low income,2004,10.6,1.0,4.0,77000.0,160000.0,61.2856705713604,19840313,400.056973161545,2.953,388.09871598295854,806.4388903541995
MOZ,Mozambique,Low income,2005,10.9,2.0,7.0,82000.0,160000.0,61.3253030554122,20304569,436.773856167384,3.035,403.8499906104877,787.9999816790004
MOZ,Mozambique,Low income,2006,11.1,3.0,14.0,82000.0,160000.0,61.3436764994533,20787087,457.487647833183,3.037,394.4756665520282,769.708617662494
MOZ,Mozambique,Low income,2007,11.3,7.0,46.0,77000.0,150000.0,61.392606617091,21287635,507.874923914304,3.082,361.712327367507,704.634403962676
MOZ,Mozambique,Low income,2008,11.6,10.0,45.0,73000.0,160000.0,61.4770341412373,21819036,592.159111184122,3.112,334.5702349086366,733.3046244572859
MOZ,Mozambique,Low income,2009,11.8,11.0,62.0,71000.0,160000.0,61.5849618412228,22391745,547.697144193651,3.207,317.0811386071072,714.5490447484107
MOZ,Mozambique,Low income,2010,12.0,14.0,20.0,73000.0,170000.0,61.7330083989163,22999235,496.185839392659,3.259,317.4018614097382,739.1550197213081
MOZ,Mozambique,Low income,2011,12.3,16.0,42.0,72000.0,160000.0,61.8589409587617,23649039,618.17649286789,3.295,304.4521174835054,676.5602610744563
MOZ,Mozambique,Low income,2012,12.4,18.0,65.0,74000.0,160000.0,62.0284819254194,24337846,685.685748199513,3.304,304.0532017500645,657.4123281082475
MOZ,Mozambique,Low income,2013,12.6,26.0,68.0,72000.0,160000.0,62.2403658385361,25051611,686.505672517351,3.345,287.4066661820671,638.6814804045935
MOZ,Mozambique,Low income,2014,12.7,34.0,76.0,63000.0,150000.0,62.4960310458677,25788475,697.142680444123,3.377,244.2951744917061,581.655177361205
MOZ,Mozambique,Low income,2015,12.8,41.0,77.0,55000.0,150000.0,62.7972010679856,26547572,610.563774706589,3.426,207.17525504780625,565.0234228576534
MOZ,Mozambique,Low income,2016,12.9,48.0,71.0,51000.0,140000.0,63.0919850226802,27337105,441.489734819071,3.65,186.55962290081558,512.1244550218466
MOZ,Mozambique,Low income,2017,12.8,55.0,79.0,49000.0,130000.0,63.3748344934502,28166393,470.93856305196,3.935,173.96618729277833,461.5429458787996
MOZ,Mozambique,Low income,2018,12.8,56.0,79.0,47000.0,130000.0,63.7050089541366,29018644,517.507260258101,4.21,161.96483888082435,447.9878522235567
MOZ,Mozambique,Low income,2019,12.7,60.0,81.0,49000.0,130000.0,64.0531746213576,29884380,519.09255091362,4.462,163.96525542775188,435.0098613389336
MOZ,Mozambique,Low income,2020,12.6,61.0,77.0,50000.0,130000.0,64.3771607396196,30783688,462.433876479921,5.019,162.42368360801993,422.3015773808518
MOZ,Mozambique,Low income,2021,12.4,67.0,81.0,50000.0,120000.0,64.682805541883,31707800,509.907829475551,5.413,157.6899059537401,378.4557742889762
MOZ,Mozambique,Low income,2022,12.1,72.0,83.0,49000.0,110000.0,64.9404065748451,32656246,578.273222184503,6.789,150.04786526902083,336.84214652229167
NAM,Namibia,Lower middle income,2000,13.4,0.0,0.0,9000.0,20000.0,61.5829411659646,1818647,2156.67590512714,20.3,494.87338664402716,1099.718636986727
NAM,Namibia,Lower middle income,2001,13.7,0.0,0.0,10000.0,19000.0,61.6458446053055,1857048,1915.58926594875,21.009,538.4890428249565,1023.1291813674175
NAM,Namibia,Lower middle income,2002,13.8,0.0,0.0,11000.0,18000.0,61.6872316471745,1889970,1772.07565537493,21.538,582.0198204204299,952.3960697788855
NAM,Namibia,Lower middle income,2003,13.8,0.0,1.0,12000.0,17000.0,61.7209686465872,1917464,2569.24739317883,22.104,625.8266126508764,886.5877012554082
NAM,Namibia,Lower middle income,2004,13.6,3.0,7.0,12000.0,16000.0,61.7811897723295,1942082,3403.15496192955,22.09,617.893580188684,823.8581069182455
NAM,Namibia,Lower middle income,2005,13.4,8.0,35.0,11000.0,15000.0,61.8780023356113,1966582,3685.77299991587,22.108,559.3461142225445,762.7447012125607
NAM,Namibia,Lower middle income,2006,13.3,15.0,53.0,9100.0,14000.0,61.9737054304181,1991888,4017.1834716928,21.848,456.8529957507651,702.8507626934847
NAM,Namibia,Lower middle income,2007,13.2,25.0,69.0,7100.0,13000.0,62.078530235362,2018600,4379.04313682732,22.12,351.7289210343803,644.010700485485
NAM,Namibia,Lower middle income,2008,13.2,32.0,70.0,5500.0,12000.0,62.2036035105423,2047056,4204.78555422749,22.005,268.6785315106182,586.207705114076
NAM,Namibia,Lower middle income,2009,13.1,35.0,60.0,4600.0,12000.0,62.3066371381816,2077394,4302.91374148376,22.271,221.43127399039372,577.6468017140706
NAM,Namibia,Lower middle income,2010,13.1,41.0,60.0,4200.0,12000.0,62.4234801736159,2109811,5418.21633365814,22.12,199.06996408683054,568.7713259623729
NAM,Namibia,Lower middle income,2011,13.1,48.0,65.0,4000.0,11000.0,62.575002907262,2146325,5834.7917675794,19.481,186.36506586840298,512.5039311381082
NAM,Namibia,Lower middle income,2012,13.0,52.0,58.0,3900.0,10000.0,62.6607324312802,2194654,5942.64680978673,16.771,177.70454932759333,455.65269058357256
NAM,Namibia,Lower middle income,2013,12.8,56.0,72.0,3700.0,9100.0,62.7759075391097,2252508,5346.62131149967,19.028,164.2613477954351,403.9941256590431
NAM,Namibia,Lower middle income,2014,12.6,54.0,83.0,3400.0,8400.0,62.9050586773713,2312139,5378.32326241205,18.521,147.04998272162703,363.29995731225506
NAM,Namibia,Lower middle income,2015,12.4,61.0,89.0,3800.0,7900.0,63.0670290322661,2374300,4774.10650865775,20.791,160.0471717980036,332.72964663269175
NAM,Namibia,Lower middle income,2016,12.1,61.0,93.0,3900.0,7600.0,63.2148371235839,2439213,4395.68776162376,23.352,159.8876358891167,311.57590583520175
NAM,Namibia,Lower middle income,2017,11.8,69.0,100.0,4200.0,6900.0,63.4295565686396,2506853,5143.96072323076,21.748,167.54073733082873,275.2454970435044
NAM,Namibia,Lower middle income,2018,11.5,73.0,100.0,4100.0,6100.0,63.6499403259088,2577327,5308.60813408705,19.877,159.0795424872358,236.67931931027766
NAM,Namibia,Lower middle income,2019,11.1,81.0,100.0,3900.0,5100.0,63.8356450168891,2650494,4731.9210318831,19.929,147.1423817597776,192.41696076278612
NAM,Namibia,Lower middle income,2020,10.6,83.0,100.0,3700.0,4500.0,64.009240550749,2728762,3878.58982993966,21.003,135.59262405442468,164.9099481743003
NAM,Namibia,Lower middle income,2021,10.2,86.0,100.0,3500.0,4900.0,64.2020667490606,2810548,4412.8355693052,20.931,124.53087440598775,174.34322416838282
NAM,Namibia,Lower middle income,2022,9.8,88.0,100.0,3300.0,4400.0,64.363495721062,2889662,4349.79908493314,19.615,114.2002074983164,152.26694333108856
NER,Niger,Low income,2000,0.7,0.0,0.0,3500.0,4900.0,46.0906456969421,11509630,194.771959898935,1.427,30.409318110139075,42.573045354194704
NER,Niger,Low income,2001,0.7,0.0,0.0,3700.0,4600.0,46.0953730319051,11920647,205.417936120931,1.47,31.038583727879868,38.588509499526324
NER,Niger,Low income,2002,0.6,0.0,0.0,3900.0,4200.0,46.052975703712,12349144,225.294391147438,1.808,31.581136311958144,34.01045448980108
NER,Niger,Low income,2003,0.6,0.0,0.0,4000.0,4000.0,45.9615723335997,12796984,265.225363452469,2.145,31.257365016632043,31.257365016632043
NER,Niger,Low income,2004,0.6,0.0,3.0,4100.0,3800.0,45.8177045752731,13265836,283.468281798296,2.751,30.90645776112414,28.645009632261395
NER,Niger,Low income,2005,0.5,2.0,2.0,4000.0,3400.0,45.7009697798648,13756192,318.643121918273,3.1,29.077814557982325,24.716142374284974
NER,Niger,Low income,2006,0.5,4.0,2.0,3700.0,3000.0,45.6427899498647,14268581,333.345078419447,2.528,25.931099946098353,21.025216172512177
NER,Niger,Low income,2007,0.5,6.0,5.0,3500.0,2700.0,45.661929516604,14803610,387.168065883301,2.021,23.642881702503647,18.2387944562171
NER,Niger,Low income,2008,0.4,7.0,13.0,3400.0,2500.0,45.7883339194303,15361915,475.044955398162,1.584,22.132657289146568,16.27401271260777
NER,Niger,Low income,2009,0.4,17.0,22.0,2800.0,2000.0,46.1308381589422,15943675,461.131533961487,1.208,17.56182310540073,12.544159361000524
NER,Niger,Low income,2010,0.4,19.0,81.0,2200.0,1300.0,46.6724124101319,16548835,474.425692340831,0.718,13.293987159821219,7.855537867167085
NER,Niger,Low income,2011,0.3,26.0,62.0,2000.0,1400.0,47.3139974345882,17176283,510.75956176268,0.316,11.643962782867515,8.150773948007261
NER,Niger,Low income,2012,0.3,31.0,54.0,1800.0,1300.0,48.0159650405088,17836769,528.510104469655,2.177,10.091513771356237,7.28831550153506
NER,Niger,Low income,2013,0.3,34.0,54.0,1800.0,1300.0,48.8902580355576,18519898,552.103334363117,1.401,9.719275991692827,7.019477105111486
NER,Niger,Low income,2014,0.3,33.0,66.0,1800.0,1200.0,49.9754914676377,19215909,565.30989731175,0.524,9.367238364836137,6.2448255765574245
NER,Niger,Low income,2015,0.3,38.0,44.0,1900.0,1400.0,51.0111293482277,19939498,485.662574175279,0.556,9.528825650475252,7.021239952981765
NER,Niger,Low income,2016,0.2,44.0,72.0,1700.0,1200.0,51.9723018343448,20685753,499.910520068193,0.55,8.21821666342047,5.801094115355626
NER,Niger,Low income,2017,0.2,53.0,47.0,1500.0,1300.0,52.852331622348,21435446,529.929418934868,0.556,6.997755026883976,6.0647210232994455
NER,Niger,Low income,2018,0.2,61.0,45.0,1400.0,1400.0,53.636746215558,22188069,576.927536415462,0.536,6.309697342296889,6.309697342296889
NER,Niger,Low income,2019,0.2,63.0,38.0,1200.0,1400.0,54.3445032071266,22947757,541.265819870273,0.531,5.229269248406283,6.100814123140663
NER,Niger,Low income,2020,0.2,66.0,32.0,1200.0,1400.0,55.0546120520858,23717613,575.451340306915,0.591,5.059531075070666,5.9027862542491105
NER,Niger,Low income,2021,0.2,68.0,31.0,1200.0,1400.0,55.7415401639658,24502140,609.585703670137,0.806,4.897531399298184,5.713786632514547
NER,Niger,Low income,2022,0.2,69.0,38.0,1100.0,1200.0,56.4042392582023,25311973,613.614736429298,0.403,4.345769490193436,4.740839443847384
NGA,Nigeria,Lower middle income,2000,2.2,0.0,,110000.0,200000.0,57.5462788014388,126382494,547.318298903379,3.953,87.03737085612507,158.24976519295467
NGA,Nigeria,Lower middle income,2001,2.2,0.0,,120000.0,190000.0,57.641540928835,129862595,566.428231812933,3.9,92.40536122044996,146.30848859904577
NGA,Nigeria,Lower middle income,2002,2.2,1.0,,130000.0,190000.0,57.7286968884221,133471989,712.164852077686,3.669,97.39871337348544,142.35196569970947
NGA,Nigeria,Lower middle income,2003,2.2,1.0,,130000.0,180000.0,57.8004620263396,137202644,763.388745367223,3.637,94.75036064173807,131.19280704240657
NGA,Nigeria,Lower middle income,2004,2.2,2.0,,140000.0,180000.0,57.8292141515198,141057045,962.48104194733,3.59,99.25062587267442,127.6079475505814
NGA,Nigeria,Lower middle income,2005,2.1,3.0,,130000.0,170000.0,57.8637112807814,145017253,1211.37703504386,3.727,89.64450595406052,117.22743086300223
NGA,Nigeria,Lower middle income,2006,2.1,7.0,,130000.0,170000.0,57.8851378199159,149077334,1599.53891556365,3.749,87.20306200270525,114.03477338815303
NGA,Nigeria,Lower middle income,2007,2.0,7.0,,120000.0,160000.0,57.8998477879885,153267261,1815.52697545827,3.794,78.2946072220864,104.39280962944852
NGA,Nigeria,Lower middle income,2008,2.0,12.0,,110000.0,160000.0,57.9182173042656,157595014,2154.10543545364,3.792,69.79916255472396,101.52605462505305
NGA,Nigeria,Lower middle income,2009,2.0,16.0,,100000.0,150000.0,57.9450674895454,162049464,1820.48633854782,3.763,61.70955307818853,92.56432961728278
NGA,Nigeria,Lower middle income,2010,2.0,18.0,,100000.0,150000.0,58.1066189481511,166642886,2202.25672957344,3.744,60.00856226169775,90.01284339254663
NGA,Nigeria,Lower middle income,2011,1.9,20.0,,100000.0,140000.0,58.4519272623135,171379598,2418.41316975875,3.77,58.35000266484462,81.69000373078246
NGA,Nigeria,Lower middle income,2012,1.9,26.0,,97000.0,130000.0,58.9655102905683,176200625,2633.19734671361,3.761,55.05088304879735,73.77953398292429
NGA,Nigeria,Lower middle income,2013,1.8,31.0,,87000.0,120000.0,59.6303031052444,181049443,2872.79083379398,3.711,48.05317186200899,66.28023705104688
NGA,Nigeria,Lower middle income,2014,1.8,35.0,,80000.0,110000.0,60.249921641559,185896915,3088.72131316169,3.9,43.034603344547165,59.17257959875235
NGA,Nigeria,Lower middle income,2015,1.7,38.0,,77000.0,110000.0,60.8373482668677,190671878,2585.73360671797,4.134,40.383511615698254,57.69073087956893
NGA,Nigeria,Lower middle income,2016,1.7,43.0,,74000.0,100000.0,61.3946814160445,195443700,2070.4127339595,4.499,37.862566048432356,51.165629795178866
NGA,Nigeria,Lower middle income,2017,1.6,46.0,,71000.0,96000.0,61.937752307785,200254579,1876.34027111773,4.83,35.454869673666735,47.93897871369023
NGA,Nigeria,Lower middle income,2018,1.6,47.0,,73000.0,93000.0,62.473148219375,204938755,2057.87944554011,5.069,35.62039790863373,45.379411034286804
NGA,Nigeria,Lower middle income,2019,1.5,53.0,,72000.0,87000.0,62.9412327914049,209485641,3189.81286496183,5.206,34.369897457554146,41.53029276121126
NGA,Nigeria,Lower middle income,2020,1.4,59.0,,64000.0,78000.0,63.3187543546364,213996181,2797.184580679,5.714,29.907075771599867,36.44924859663734
NGA,Nigeria,Lower middle income,2021,1.4,65.0,,57000.0,72000.0,63.6261460429637,218529286,2787.48779220991,5.404,26.083460502406073,32.94752905567083
NGA,Nigeria,Lower middle income,2022,1.3,71.0,,51000.0,63000.0,63.8726302153222,223150896,2899.16047469267,3.827,22.85449035346916,28.232017495461907
RWA,Rwanda,Low income,2000,4.9,0.0,0.0,17000.0,25000.0,61.2929556449901,8213931,251.86926386091,11.699,206.965459047562,304.3609691875912
RWA,Rwanda,Low income,2001,4.8,0.0,0.0,18000.0,25000.0,61.0719762736078,8287094,237.308846200901,11.732,217.20521089781292,301.6739040247401
RWA,Rwanda,Low income,2002,4.6,0.0,0.0,19000.0,22000.0,61.0048999313927,8400180,234.043016755733,11.432,226.18562935556142,261.89914978012376
RWA,Rwanda,Low income,2003,4.4,0.0,0.0,19000.0,19000.0,61.1288688182931,8586875,249.012274982252,11.658,221.26792342965283,221.26792342965283
RWA,Rwanda,Low income,2004,4.2,2.0,33.0,19000.0,18000.0,61.2262041817272,8816844,269.540446333402,11.699,215.49661080540838,204.1546839209132
RWA,Rwanda,Low income,2005,4.1,8.0,46.0,16000.0,17000.0,61.3192480874589,9054528,324.016863847189,11.842,176.7071679495607,187.75136594640824
RWA,Rwanda,Low income,2006,4.0,14.0,59.0,13000.0,16000.0,61.4024372107102,9299246,352.093916578347,11.586,139.79628025756065,172.05696031699773
RWA,Rwanda,Low income,2007,3.9,19.0,70.0,11000.0,14000.0,61.4737753406672,9549933,420.733580702508,11.58,115.18405417085125,146.59788712653796
RWA,Rwanda,Low income,2008,3.8,26.0,76.0,9600.0,13000.0,61.5372862098465,9804269,522.288339420679,11.517,97.91653003400864,132.59530108772006
RWA,Rwanda,Low income,2009,3.7,32.0,66.0,8500.0,12000.0,61.5998414003647,10060432,556.97399621739,11.625,84.48941357587825,119.27917210712224
RWA,Rwanda,Low income,2010,3.7,37.0,66.0,7600.0,11000.0,61.651421653866,10317553,586.599950359877,11.637,73.66087676021631,106.61442688978676
RWA,Rwanda,Low income,2011,3.6,41.0,100.0,6700.0,9700.0,61.6945506900001,10573733,643.356138618166,11.756,63.36456575932076,91.73675938289722
RWA,Rwanda,Low income,2012,3.5,47.0,94.0,6000.0,9400.0,61.7506631006931,10829901,697.760143509565,11.671,55.40216849627711,86.79673064416747
RWA,Rwanda,Low income,2013,3.4,52.0,98.0,5400.0,9100.0,61.86038100635,11093340,695.397140963607,11.768,48.67785536186577,82.03120070240342
RWA,Rwanda,Low income,2014,3.3,58.0,100.0,4900.0,7500.0,61.9982512925211,11364757,715.36808783393,11.837,43.11574809738563,65.99349198579434
RWA,Rwanda,Low income,2015,3.2,64.0,100.0,4500.0,6900.0,62.1547620254709,11640022,725.691418696952,11.831,38.65972074623227,59.27823847755614
RWA,Rwanda,Low income,2016,3.1,71.0,100.0,4200.0,5800.0,62.3054656448477,11919183,721.258515833094,11.788,35.23731450385483,48.661053362466205
RWA,Rwanda,Low income,2017,3.0,74.0,93.0,3800.0,4900.0,62.442691970354,12202060,751.049039527547,11.875,31.14228253262154,40.15715379206462
RWA,Rwanda,Low income,2018,2.9,77.0,93.0,3600.0,4500.0,62.5731131965828,12487996,772.754982959354,10.759,28.827683801308073,36.03460475163509
RWA,Rwanda,Low income,2019,2.7,80.0,99.0,3500.0,3700.0,62.7096813725091,12776103,823.355304065304,11.236,27.39489498480092,28.960317555360973
RWA,Rwanda,Low income,2020,2.6,84.0,100.0,3300.0,3200.0,62.8344832365798,13065837,802.638686936204,11.829,25.256705712768344,24.491350994199607
RWA,Rwanda,Low income,2021,2.4,87.0,100.0,3200.0,3400.0,62.9589649485533,13355260,842.581492947672,15.775,23.96059679856476,25.458134098475057
RWA,Rwanda,Low income,2022,2.3,89.0,96.0,3000.0,3100.0,63.123085511807,13651030,1007.05989322914,15.084,21.976363688307767,22.708909144584695
STP,Sao Tome and Principe,Lower middle income,2000,,,,,,48.0570684340931,144018,529.089383412262,14.4,,
STP,Sao Tome and Principe,Lower middle income,2001,,,,,,48.2045055646507,146375,518.88050130005,15.73,,
STP,Sao Tome and Principe,Lower middle income,2002,,,,,,48.1438883294861,149922,568.10257252271,17.63,,
STP,Sao Tome and Principe,Lower middle income,2003,,,,,,48.0976147534678,153814,663.696211810494,16.36,,
STP,Sao Tome and Principe,Lower middle income,2004,,,,,,48.0528164278779,157705,726.560882130444,16.12,,
STP,Sao Tome and Principe,Lower middle income,2005,,,,,,48.0749521551854,161639,844.169181884274,16.47,,
STP,Sao Tome and Principe,Lower middle income,2006,,,,,,48.1428390808093,165638,861.970707697664,16.65,,
STP,Sao Tome and Principe,Lower middle income,2007,,,,,,48.3078564508844,169700,878.885791918745,16.021,,
STP,Sao Tome and Principe,Lower middle income,2008,,,,,,48.5806110754384,173793,1081.8684584729,15.421,,
STP,Sao Tome and Principe,Lower middle income,2009,,,,,,48.8568685144409,177853,1128.28046213305,15.136,,
STP,Sao Tome and Principe,Lower middle income,2010,,,,,,49.1511210456103,181802,1045.20958234528,14.628,,
STP,Sao Tome and Principe,Lower middle income,2011,,,,,,49.4711310842865,185649,1219.80189089671,14.229,,
STP,Sao Tome and Principe,Lower middle income,2012,,,,,,49.631534298961,189439,1210.7926479817,13.59,,
STP,Sao Tome and Principe,Lower middle income,2013,,,,,,49.9006222204208,193148,1382.5757842916,12.476,,
STP,Sao Tome and Principe,Lower middle income,2014,,,,,,50.3268825738165,196767,1489.67633417608,11.428,,
STP,Sao Tome and Principe,Lower middle income,2015,,,,,,50.6439622410186,200291,1298.10946596396,10.591,,
STP,Sao Tome and Principe,Lower middle income,2016,,,,,,50.7917256553896,203689,1434.87018050521,9.684,,
STP,Sao Tome and Principe,Lower middle income,2017,,,,,,50.8274446080001,206970,1555.79477812888,8.808,,
STP,Sao Tome and Principe,Lower middle income,2018,,,,,,50.7534784795413,210187,1825.59971753966,8.712,,
STP,Sao Tome and Principe,Lower middle income,2019,,,,,,50.6518973740838,213392,1935.2931816596,8.835,,
STP,Sao Tome and Principe,Lower middle income,2020,,,,,,50.6256468995793,217435,2167.22001796925,9.679,,
STP,Sao Tome and Principe,Lower middle income,2021,,,,,,50.8686432671352,221961,2362.58827248102,9.563,,
STP,Sao Tome and Principe,Lower middle income,2022,,,,,,51.1340245038523,226305,2389.73729784737,8.964,,
SEN,Senegal,Lower middle income,2000,0.7,0.0,0.0,2200.0,6600.0,47.278636564982,9968260,603.233162455158,2.638,22.070050339778454,66.21015101933537
SEN,Senegal,Lower middle income,2001,0.7,0.0,0.0,2400.0,5900.0,47.4885836291921,10212942,637.213530563724,2.674,23.499594925732467,57.76983752575898
SEN,Senegal,Lower middle income,2002,0.7,0.0,0.0,2700.0,5200.0,47.516271640873,10466214,669.430447319209,2.82,25.7972940358376,49.6836774023539
SEN,Senegal,Lower middle income,2003,0.7,0.0,0.0,3000.0,4500.0,47.5605121100419,10721176,817.888034221442,2.781,27.982004959157468,41.9730074387362
SEN,Senegal,Lower middle income,2004,0.7,0.0,0.0,3200.0,3900.0,47.6125405995085,10975704,918.102079522155,2.775,29.155305208668164,35.53302822306433
SEN,Senegal,Lower middle income,2005,0.7,0.0,2.0,3400.0,3500.0,47.6708008311765,11235472,979.846101520171,2.679,30.261300993852327,31.151339258377394
SEN,Senegal,Lower middle income,2006,0.6,1.0,8.0,3500.0,3300.0,47.7282870774841,11500094,1017.20196747987,2.755,30.434533839462528,28.69541762006467
SEN,Senegal,Lower middle income,2007,0.6,18.0,15.0,2600.0,2800.0,48.2189736467234,11770344,1188.93877808175,2.8,22.089413869297278,23.788599551550917
SEN,Senegal,Lower middle income,2008,0.6,21.0,23.0,1900.0,2300.0,48.9387084243135,12048959,1398.79218010021,2.816,15.768997139088947,19.088786010476092
SEN,Senegal,Lower middle income,2009,0.6,25.0,40.0,1700.0,2200.0,49.7850133824146,12337389,1308.69404336205,2.807,13.779252644137264,17.831974010059987
SEN,Senegal,Lower middle income,2010,0.5,28.0,32.0,1700.0,2200.0,50.6792151713381,12635413,1275.88357492357,2.795,13.454249576171353,17.411381804457044
SEN,Senegal,Lower middle income,2011,0.5,31.0,38.0,1800.0,2100.0,51.6449317069831,12958897,1374.67591873844,2.853,13.890071045398384,16.205082886298115
SEN,Senegal,Lower middle income,2012,0.5,29.0,45.0,1900.0,1900.0,52.7022803008895,13310495,1326.83798848379,3.896,14.274450349141787,14.274450349141787
SEN,Senegal,Lower middle income,2013,0.5,33.0,68.0,1900.0,1600.0,53.4869613459598,13710849,1379.83196553924,5.012,13.85763930446612,11.669590993234628
SEN,Senegal,Lower middle income,2014,0.4,40.0,60.0,1900.0,1600.0,54.1022572894009,14152102,1398.89137601382,5.849,13.425567452806657,11.305741012889817
SEN,Senegal,Lower middle income,2015,0.4,46.0,77.0,1700.0,1500.0,54.6390332288124,14593331,1218.00613555438,6.757,11.64915672782314,10.278667701020417
SEN,Senegal,Lower middle income,2016,0.4,53.0,82.0,1600.0,1600.0,55.1179979990211,15034521,1266.43957151587,4.455,10.642174765660975,10.642174765660975
SEN,Senegal,Lower middle income,2017,0.4,58.0,78.0,1500.0,1600.0,55.6153189164412,15475002,1354.77007193387,4.078,9.693052059056278,10.33925552966003
SEN,Senegal,Lower middle income,2018,0.4,66.0,94.0,1300.0,1700.0,55.9213365748736,15914498,1452.55612562445,3.453,8.16865225657762,10.682083720139964
SEN,Senegal,Lower middle income,2019,0.3,71.0,100.0,1200.0,1700.0,56.0910711146088,16352922,1431.18128932159,2.863,7.338138101557631,10.39569564387331
SEN,Senegal,Lower middle income,2020,0.3,74.0,99.0,1100.0,1900.0,56.1603713665369,16789219,1461.08720350553,3.432,6.551823524370014,11.316786087548206
SEN,Senegal,Lower middle income,2021,0.3,75.0,96.0,1000.0,2300.0,56.0869702961852,17220867,1598.10676952274,3.436,5.806908560411041,13.355889688945394
SEN,Senegal,Lower middle income,2022,0.3,76.0,100.0,980.0,3100.0,55.7805633158156,17651103,1574.0281059306,2.837,5.552060967521406,17.562641836037102
SYC,Seychelles,High income,2000,,,,,,,81131,8063.65500575169,,,
SYC,Seychelles,High income,2001,,,,,,,81202,8153.2986369879,,,
SYC,Seychelles,High income,2002,,,,,,,83723,8864.16919495467,,,
SYC,Seychelles,High income,2003,,,,,,,82781,9070.28460757013,,,
SYC,Seychelles,High income,2004,,,,,,,82475,10827.671636033,,,
SYC,Seychelles,High income,2005,,,,,,,82858,11802.1118276833,,,
SYC,Seychelles,High income,2006,,,,,,,84600,12782.9938926475,,,
SYC,Seychelles,High income,2007,,,,,,,85033,12669.3026687222,,,
SYC,Seychelles,High income,2008,,,,,,,86956,11265.4376270005,,,
SYC,Seychelles,High income,2009,,,,,,,87298,9747.09180546291,,,
SYC,Seychelles,High income,2010,,,,,,,89770,10934.79494629,,,
SYC,Seychelles,High income,2011,,,,,,,87441,12110.0937461973,,,
SYC,Seychelles,High income,2012,,,,,,,88303,12337.1554669388,,,
SYC,Seychelles,High income,2013,,,,,,,89949,14821.2921476077,,,
SYC,Seychelles,High income,2014,,,,,,,91359,15188.1902175113,,,
SYC,Seychelles,High income,2015,,,,,,,93419,15333.1051727105,,,
SYC,Seychelles,High income,2016,,,,,,,94677,16566.9946042294,,,
SYC,Seychelles,High income,2017,,,,,,,95843,17480.3651911372,,,
SYC,Seychelles,High income,2018,,,,,,,96762,18440.2340460932,,,
SYC,Seychelles,High income,2019,,,,,,,97625,19141.5118743615,,,
SYC,Seychelles,High income,2020,,,,,,,98462,14041.4754074575,,,
SYC,Seychelles,High income,2021,,,,,,,99258,14982.9111487767,,,
SYC,Seychelles,High income,2022,,,,,,,119878,16682.6990711785,,,
SLE,Sierra Leone,Low income,2000,1.6,0.0,0.0,2900.0,6000.0,57.3916188960698,4423611,143.743743239644,4.137,65.55730148966535,135.63579618551452
SLE,Sierra Leone,Low income,2001,1.7,0.0,0.0,3300.0,6100.0,57.5824152954126,4692716,358.315716051546,4.235,70.3217497074189,129.98868885310767
SLE,Sierra Leone,Low income,2002,1.7,0.0,0.0,3700.0,6400.0,57.7399735068516,4971435,388.995111216836,3.909,74.42519111685057,128.7354657156334
SLE,Sierra Leone,Low income,2003,1.7,0.0,0.0,4000.0,6400.0,57.8779098867433,5177687,413.817607346927,3.879,77.25457332588857,123.60731732142172
SLE,Sierra Leone,Low income,2004,1.7,0.0,0.0,4200.0,6500.0,57.9943240420926,5355717,417.749983329227,3.42,78.42087249942445,121.36563601101403
SLE,Sierra Leone,Low income,2005,1.7,1.0,1.0,4400.0,6400.0,58.0916018966493,5501712,462.633324427945,3.734,79.97510593066303,116.32742680823713
SLE,Sierra Leone,Low income,2006,1.6,1.0,7.0,4500.0,6400.0,58.1715417163297,5624466,580.26796974773,3.89,80.00759538772213,113.78858010698261
SLE,Sierra Leone,Low income,2007,1.6,2.0,9.0,4500.0,6400.0,58.2448225763418,5749352,631.889926264998,4.022,78.26969021900207,111.31689275591405
SLE,Sierra Leone,Low income,2008,1.6,3.0,30.0,4400.0,6100.0,58.3101951431674,5894722,705.359014080005,4.132,74.64304508338137,103.48240341105145
SLE,Sierra Leone,Low income,2009,1.6,6.0,25.0,4100.0,6000.0,58.3832008919633,6055646,652.845806767943,4.268,67.70541078524076,99.08108895401087
SLE,Sierra Leone,Low income,2010,1.6,9.0,34.0,3900.0,5900.0,58.473122795257,6222714,685.039673490948,4.34,62.673617974407954,94.81393488436075
SLE,Sierra Leone,Low income,2011,1.6,12.0,43.0,3700.0,5700.0,58.5829373878682,6387251,761.146365577281,4.388,57.92789417544418,89.24026940541401
SLE,Sierra Leone,Low income,2012,1.6,12.0,55.0,3700.0,5600.0,58.8265310501279,6551080,937.504428180231,4.378,56.47923701130195,85.4820884495381
SLE,Sierra Leone,Low income,2013,1.6,13.0,50.0,3800.0,5500.0,59.2844325772417,6714051,1117.47183075115,4.376,56.597723192749065,81.91775725266311
SLE,Sierra Leone,Low income,2014,1.6,15.0,48.0,3900.0,5800.0,59.9163651145045,6876385,1117.7586465721,4.678,56.715847062082766,84.34664434873847
SLE,Sierra Leone,Low income,2015,1.6,20.0,60.0,3800.0,5800.0,60.5513455581936,7037655,964.575980888989,4.483,53.99525836375896,82.4138153973163
SLE,Sierra Leone,Low income,2016,1.6,25.0,61.0,3500.0,5700.0,61.1330104105083,7205328,844.416411175476,4.182,48.57516548864951,79.1081266529435
SLE,Sierra Leone,Low income,2017,1.6,32.0,67.0,3200.0,5400.0,61.758609197033,7379299,779.186007841728,3.656,43.36455264924216,73.17768259559614
SLE,Sierra Leone,Low income,2018,1.6,37.0,75.0,3000.0,5000.0,62.3628926423456,7554563,845.914540460932,3.192,39.71109910659293,66.18516517765488
SLE,Sierra Leone,Low income,2019,1.5,43.0,71.0,2900.0,4800.0,62.9287079661775,7731991,843.71251730417,3.204,37.5065102895231,62.079741168865816
SLE,Sierra Leone,Low income,2020,1.5,48.0,68.0,2800.0,4800.0,63.4841372759236,7912558,845.277558236182,3.509,35.38678642229226,60.6630624382153
SLE,Sierra Leone,Low income,2021,1.5,60.0,85.0,2600.0,4100.0,63.9631308029347,8094602,885.396401613729,3.551,32.12017094849136,50.65103880339021
SLE,Sierra Leone,Low income,2022,1.5,70.0,75.0,2300.0,3500.0,64.318642242271,8276807,860.371067874555,3.137,27.788493799601707,42.28683839069825
SOM,"Somalia, Fed. Rep.",Low income,2000,0.3,0.0,0.0,1200.0,1300.0,52.7151189385976,8838713,386.119274401275,18.678,13.576637232140019,14.708023668151688
SOM,"Somalia, Fed. Rep.",Low income,2001,0.3,0.0,0.0,1200.0,1300.0,52.7004937766451,9198493,244.914842538455,18.665,13.045615189357648,14.132749788470786
SOM,"Somalia, Fed. Rep.",Low income,2002,0.2,0.0,0.0,1200.0,1200.0,52.6900823487795,9550063,229.598918310039,18.658,12.565362134260265,12.565362134260265
SOM,"Somalia, Fed. Rep.",Low income,2003,0.2,0.0,0.0,1200.0,1100.0,52.6884299178448,9909157,286.273025198975,18.648,12.11001097267911,11.100843391622517
SOM,"Somalia, Fed. Rep.",Low income,2004,0.2,0.0,0.0,1200.0,1100.0,52.6928495830858,10280998,375.410326225387,18.653,11.672018611422743,10.699350393804181
SOM,"Somalia, Fed. Rep.",Low income,2005,0.2,0.0,0.0,1200.0,1000.0,52.692045186052,10644228,439.979907805478,18.671,11.273715670126569,9.394763058438809
SOM,"Somalia, Fed. Rep.",Low income,2006,0.2,1.0,0.0,1200.0,940.0,52.6818773168783,10975502,457.996662206659,18.705,10.933440675424231,8.564528529082315
SOM,"Somalia, Fed. Rep.",Low income,2007,0.2,2.0,1.0,1100.0,880.0,52.6586380889073,11322582,479.635628065289,18.687,9.715098552609291,7.772078842087431
SOM,"Somalia, Fed. Rep.",Low income,2008,0.2,4.0,1.0,1100.0,840.0,52.6043643615917,11663084,507.03744334738,18.714,9.431467697566099,7.202211696323203
SOM,"Somalia, Fed. Rep.",Low income,2009,0.2,5.0,0.0,990.0,770.0,52.5288095160366,11961201,246.513251675105,18.724,8.276760836976152,6.437480650981453
SOM,"Somalia, Fed. Rep.",Low income,2010,0.1,8.0,1.0,910.0,710.0,52.4795955415284,12261756,219.202453852397,18.741,7.421449260611612,5.790361511026642
SOM,"Somalia, Fed. Rep.",Low income,2011,0.1,11.0,5.0,830.0,650.0,52.5646533437731,12348830,235.325945610434,18.761,6.7212845265502885,5.263656556936973
SOM,"Somalia, Fed. Rep.",Low income,2012,0.1,15.0,8.0,740.0,570.0,52.6883234468835,12461160,350.261946720512,18.771,5.93845195792366,4.5742129946168735
SOM,"Somalia, Fed. Rep.",Low income,2013,0.1,18.0,5.0,680.0,550.0,52.9278763874569,12869594,393.398703952979,18.655,5.283771966699183,4.273639090712574
SOM,"Somalia, Fed. Rep.",Low income,2014,0.1,21.0,7.0,660.0,510.0,53.230891341164,13339491,429.431656725102,18.595,4.947715021510191,3.8232343348033297
SOM,"Somalia, Fed. Rep.",Low income,2015,0.1,25.0,16.0,610.0,500.0,53.4288207794695,13806963,445.583080073396,18.495,4.418060655337456,3.6213611928995535
SOM,"Somalia, Fed. Rep.",Low income,2016,0.1,30.0,17.0,550.0,500.0,53.6366642110346,14348740,460.928490585175,18.611,3.833089177168169,3.484626524698336
SOM,"Somalia, Fed. Rep.",Low income,2017,0.1,34.0,18.0,520.0,500.0,53.8469044188506,14916629,510.939952317726,18.455,3.486042322296814,3.3519637714392436
SOM,"Somalia, Fed. Rep.",Low income,2018,0.1,37.0,24.0,500.0,500.0,54.0452334860732,15452487,509.497273804534,18.7,3.2357250971963287,3.2357250971963287
SOM,"Somalia, Fed. Rep.",Low income,2019,0.1,40.0,27.0,500.0,500.0,54.2161014053481,16030971,539.954816211694,18.828,3.1189626629603406,3.1189626629603406
SOM,"Somalia, Fed. Rep.",Low income,2020,0.1,43.0,28.0,500.0,500.0,54.4047214905907,16651191,518.16113333875,19.414,3.002788208963551,3.002788208963551
SOM,"Somalia, Fed. Rep.",Low income,2021,0.1,46.0,24.0,500.0,500.0,54.6135113642715,17271431,549.056994756254,19.662,2.8949541007922273,2.8949541007922273
SOM,"Somalia, Fed. Rep.",Low income,2022,0.1,49.0,57.0,500.0,500.0,54.861789599758,17801897,573.141165798229,19.112,2.8086894334912733,2.8086894334912733
ZAF,South Africa,Upper middle income,2000,13.8,0.0,0.0,190000.0,530000.0,60.9357471168415,47159719,3217.84693448467,22.788,402.88620040335695,1123.8404537567324
ZAF,South Africa,Upper middle income,2001,14.5,0.0,1.0,220000.0,520000.0,61.534353163167,47566800,2847.15191945908,22.652,462.5074631886106,1093.1994584458068
ZAF,South Africa,Upper middle income,2002,15.1,1.0,4.0,240000.0,500000.0,61.9942640739614,48019415,2688.23676032806,22.579,499.79784218529113,1041.2455045526897
ZAF,South Africa,Upper middle income,2003,15.5,1.0,8.0,270000.0,490000.0,62.4051424096438,48500348,4062.21755993786,22.679,556.6970364831196,1010.3020291730691
ZAF,South Africa,Upper middle income,2004,15.8,2.0,16.0,280000.0,470000.0,62.7744543704989,48991421,5221.46333731721,22.567,571.5286355951995,959.3516383205132
ZAF,South Africa,Upper middle income,2005,16.1,4.0,26.0,280000.0,460000.0,63.0918038278786,49490033,5836.87663325127,22.472,565.7704855440287,929.4800833937614
ZAF,South Africa,Upper middle income,2006,16.3,6.0,37.0,270000.0,440000.0,63.377951093322,49998277,6077.38293388876,22.304,540.0186090412676,880.0303258450286
ZAF,South Africa,Upper middle income,2007,16.6,10.0,49.0,240000.0,420000.0,63.7042731499464,50528584,6591.85535960564,22.26,474.97867741553966,831.2126854771943
ZAF,South Africa,Upper middle income,2008,16.8,14.0,63.0,210000.0,400000.0,63.937037224158,51114599,6184.75474328399,22.407,410.84152885558194,782.5552930582513
ZAF,South Africa,Upper middle income,2009,17.1,19.0,79.0,190000.0,370000.0,64.0896405055712,51728516,6374.70560042992,23.523,367.3022438919377,715.2727907369313
ZAF,South Africa,Upper middle income,2010,17.4,25.0,93.0,160000.0,350000.0,64.2513937885662,52344051,7973.47195771517,24.683,305.66988405234434,668.6528713645033
ZAF,South Africa,Upper middle income,2011,17.7,33.0,100.0,130000.0,330000.0,64.3739075653399,52995205,8646.05571071635,24.639,245.30521204701446,622.6978459654982
ZAF,South Africa,Upper middle income,2012,17.9,40.0,100.0,110000.0,310000.0,64.5073478101573,53782567,8076.97678479741,24.727,204.52724021149828,576.3949496869496
ZAF,South Africa,Upper middle income,2013,18.1,45.0,100.0,91000.0,300000.0,64.6129083717484,54678791,7331.65467384919,24.561,166.42650346822776,548.658802642509
ZAF,South Africa,Upper middle income,2014,18.3,49.0,100.0,81000.0,280000.0,64.7255326298353,55594838,6856.73137092522,24.89,145.6969799965961,503.6438814697149
ZAF,South Africa,Upper middle income,2015,18.5,54.0,95.0,78000.0,270000.0,64.8414343650968,56723537,6112.27382485974,25.149,137.509055544262,475.9928845762915
ZAF,South Africa,Upper middle income,2016,18.6,60.0,93.0,77000.0,260000.0,64.9830443474311,57259551,5651.20585165749,26.536,134.47538210699557,454.07271880284213
ZAF,South Africa,Upper middle income,2017,18.6,66.0,93.0,72000.0,240000.0,65.1483170174327,57635162,6618.33508255701,27.035,124.92374012933284,416.4124670977762
ZAF,South Africa,Upper middle income,2018,18.6,70.0,94.0,67000.0,220000.0,65.3189601271689,58613001,6914.1780318076,26.906,114.30911036273335,375.34334745972143
ZAF,South Africa,Upper middle income,2019,18.5,73.0,95.0,62000.0,210000.0,65.4950923530243,59587885,6533.71121032856,28.468,104.0479956622055,352.4206304687606
ZAF,South Africa,Upper middle income,2020,18.4,75.0,96.0,58000.0,200000.0,65.6631990799193,60562381,5580.60383075189,29.217,95.76902202705669,330.2380069898507
ZAF,South Africa,Upper middle income,2021,18.2,77.0,96.0,56000.0,190000.0,65.8425287331432,61502603,6828.75624590017,34.007,91.05305672997288,308.9300139052651
ZAF,South Africa,Upper middle income,2022,17.9,78.0,97.0,55000.0,180000.0,66.0364323981416,62378410,6534.24867783397,33.268,88.17153242604292,288.5613788488678
SSD,South Sudan,Low income,2000,2.4,0.0,0.0,7000.0,14000.0,59.9894259090257,6032267,,12.309,116.0426088566703,232.0852177133406
SSD,South Sudan,Low income,2001,2.4,0.0,0.0,7800.0,13000.0,60.00218702983,6308391,,12.278,123.64484065746717,206.07473442911194
SSD,South Sudan,Low income,2002,2.5,0.0,0.0,8500.0,13000.0,60.0030138888351,6596806,,12.235,128.8502344922679,197.06506451758625
SSD,South Sudan,Low income,2003,2.5,0.0,0.0,9200.0,14000.0,59.9749702332173,6903127,,12.234,133.27293558412006,202.80664110626967
SSD,South Sudan,Low income,2004,2.5,0.0,0.0,9900.0,15000.0,59.9313188479725,7233041,,12.256,136.87189108979197,207.3816531663515
SSD,South Sudan,Low income,2005,2.4,0.0,0.0,11000.0,14000.0,59.8878551496145,7590143,,12.266,144.92480576452905,184.44975279121883
SSD,South Sudan,Low income,2006,2.4,0.0,0.0,11000.0,14000.0,59.8428732448507,7976526,,12.268,137.90464670960768,175.51500490313703
SSD,South Sudan,Low income,2007,2.3,0.0,0.0,12000.0,14000.0,59.7993721918325,8388788,,12.266,143.0480779821829,166.8894243125467
SSD,South Sudan,Low income,2008,2.3,0.0,1.0,12000.0,14000.0,59.7664813881913,8817647,1654.21153546555,12.298,136.09072805931106,158.77251606919626
SSD,South Sudan,Low income,2009,2.2,1.0,2.0,12000.0,15000.0,59.7463816215361,9243556,1323.22068747862,12.438,129.82016877487408,162.2752109685926
SSD,South Sudan,Low income,2010,2.2,1.0,8.0,13000.0,14000.0,59.7317918653337,9745953,1498.27034985194,12.473,133.3886999044629,143.64936912788312
SSD,South Sudan,Low income,2011,2.1,2.0,11.0,13000.0,15000.0,59.8039346194433,10288109,1448.98435006408,12.585,126.35946994729547,145.79938840072552
SSD,South Sudan,Low income,2012,2.1,3.0,12.0,13000.0,15000.0,59.9448796484583,10756240,1109.26050083408,12.803,120.86007749920046,139.45393557600053
SSD,South Sudan,Low income,2013,2.0,4.0,23.0,13000.0,15000.0,60.1406847767613,11166275,1650.18943353528,12.665,116.4219939057564,134.3330698912574
SSD,South Sudan,Low income,2014,2.0,7.0,22.0,13000.0,16000.0,60.5862692441695,11235073,1242.73450181032,12.561,115.7090835101828,142.41117970484038
SSD,South Sudan,Low income,2015,2.0,11.0,51.0,11000.0,13000.0,61.1574505296608,11107561,1080.14718624765,12.464,99.03164159980756,117.03739461795438
SSD,South Sudan,Low income,2016,1.9,13.0,36.0,11000.0,14000.0,61.8398444902092,10830102,,12.854,101.56875715482644,129.2693272879609
SSD,South Sudan,Low income,2017,1.9,17.0,79.0,9600.0,11000.0,62.4698032106371,10259154,,12.983,93.5749672926247,107.22131668946582
SSD,South Sudan,Low income,2018,1.8,22.0,93.0,8100.0,9100.0,62.8110238222693,10122977,,12.853,80.01598739185123,89.89450435380817
SSD,South Sudan,Low income,2019,1.8,24.0,72.0,7800.0,9400.0,63.1193350954912,10423384,,12.656,74.83174370242908,90.18184497472222
SSD,South Sudan,Low income,2020,1.7,29.0,75.0,7500.0,8900.0,63.4005284190415,10698467,,14.246,70.10350174468921,83.1894887370312
SSD,South Sudan,Low income,2021,1.7,31.0,72.0,7200.0,8800.0,63.7284139021028,10865780,,13.95,66.2630754533959,80.98820333192832
SSD,South Sudan,Low income,2022,1.6,38.0,72.0,6600.0,8300.0,64.0133713430901,11021177,,12.475,59.88471104311272,75.30956085724783
SDN,Sudan,Low income,2000,0.1,0.0,0.0,1200.0,2500.0,51.7141631131304,27816745,362.116882324219,15.595,4.313948307035925,8.98739230632484
SDN,Sudan,Low income,2001,0.1,0.0,0.0,1300.0,2500.0,51.758323808545,28516770,451.293304443359,15.56,4.55872106132637,8.766771271781481
SDN,Sudan,Low income,2002,0.1,0.0,0.0,1400.0,2500.0,51.7406882722678,29228727,506.262634277344,15.514,4.789808327950786,8.553229157054975
SDN,Sudan,Low income,2003,0.1,0.0,0.0,1400.0,2600.0,51.6431484321736,29896035,580.320251464844,15.515,4.682895240121307,8.696805445939571
SDN,Sudan,Low income,2004,0.1,0.0,0.0,1500.0,2600.0,51.5707648743081,30556637,705.113342285156,15.538,4.908917169124338,8.508789759815519
SDN,Sudan,Low income,2005,0.1,0.0,1.0,1500.0,2600.0,51.4382696787633,31262444,905.543640136719,15.545,4.798089362431165,8.31668822821402
SDN,Sudan,Low income,2006,0.1,0.0,1.0,1500.0,2600.0,51.2523362516758,31992435,1132.474609375,15.542,4.688608416333424,8.126921254977935
SDN,Sudan,Low income,2007,0.1,0.0,0.0,1500.0,2600.0,51.0547862762672,32764135,1444.37219238281,15.534,4.57817671670563,7.935506308956424
SDN,Sudan,Low income,2008,0.1,5.0,3.0,1600.0,2500.0,50.9388495778032,33623980,1527.58239746094,15.566,4.75850865959354,7.435169780614906
SDN,Sudan,Low income,2009,0.1,8.0,4.0,1500.0,2800.0,50.6925036902921,34569113,1178.22180175781,13.0,4.339133607506794,8.099716067346014
SDN,Sudan,Low income,2010,0.1,8.0,8.0,1500.0,2900.0,50.4826257360446,35414399,1305.63598632813,15.168,4.23556531341955,8.188759605944464
SDN,Sudan,Low income,2011,0.1,9.0,7.0,1600.0,3000.0,50.2865478598248,36140806,1332.6572265625,17.44,4.427128714284899,8.300866339284187
SDN,Sudan,Low income,2012,0.1,9.0,8.0,1700.0,3000.0,50.1334680139609,36923178,1019.22210693359,16.973,4.60415406279492,8.124977757873387
SDN,Sudan,Low income,2013,0.1,12.0,6.0,1800.0,3100.0,49.9750102815239,37785849,1138.62780761719,16.273,4.763688120386021,8.204129540664814
SDN,Sudan,Low income,2014,0.1,13.0,9.0,1800.0,3300.0,49.7668633624267,38823318,1275.43835449219,15.41,4.636388883608557,8.500046286615689
SDN,Sudan,Low income,2015,0.1,14.0,9.0,1900.0,3500.0,49.5483370956905,40024431,1292.37963867188,14.39,4.747100589637364,8.744658980910934
SDN,Sudan,Low income,2016,0.1,17.0,7.0,1900.0,3600.0,49.2905481399467,41259892,1033.21594238281,13.656,4.604956309628731,8.725180376138647
SDN,Sudan,Low income,2017,0.1,22.0,10.0,1800.0,3500.0,48.9867504288084,42714306,966.505676269531,13.0,4.2140448214235295,8.193976041656864
SDN,Sudan,Low income,2018,0.1,24.0,7.0,1800.0,3700.0,48.6825585681665,44230596,731.027465820313,12.347,4.069581155994371,8.365250153988429
SDN,Sudan,Low income,2019,0.1,27.0,5.0,1800.0,3800.0,48.3086976528981,45548175,709.975280761719,11.697,3.9518597616699243,8.342815052414284
SDN,Sudan,Low income,2020,0.1,28.0,4.0,1800.0,4400.0,47.8277796412346,46789231,577.795227050781,11.995,3.847039076149809,9.403873297255089
SDN,Sudan,Low income,2021,0.2,25.0,3.0,1900.0,4900.0,47.3179409793858,48066924,712.122009277344,11.087,3.9528221111049255,10.194120181270597
SDN,Sudan,Low income,2022,0.2,24.0,8.0,2100.0,5900.0,46.7689588066076,49383346,1046.24084472656,7.53,4.252445753675743,11.947347593660421
TZA,Tanzania,Lower middle income,2000,6.1,0.0,0.0,97000.0,110000.0,59.5616755077591,34260139,401.698150634766,3.129,283.1278647176534,321.07283627775126
TZA,Tanzania,Lower middle income,2001,5.9,0.0,0.0,100000.0,110000.0,59.8061175651505,35198299,396.638732910156,2.994,284.1046381247003,312.5151019371703
TZA,Tanzania,Lower middle income,2002,5.7,0.0,0.0,100000.0,110000.0,60.0121795493791,36121304,402.649047851563,3.023,276.84493339443117,304.5294267338743
TZA,Tanzania,Lower middle income,2003,5.5,0.0,1.0,100000.0,110000.0,60.1946884372908,37089555,422.18359375,3.053,269.6176861652829,296.5794547818112
TZA,Tanzania,Lower middle income,2004,5.2,1.0,2.0,110000.0,100000.0,60.3388454560034,38109668,450.385284423828,3.105,288.64066724485764,262.40060658623423
TZA,Tanzania,Lower middle income,2005,5.0,2.0,17.0,100000.0,99000.0,60.4467937324716,39182076,483.334869384766,3.193,255.21873828226967,252.66655089944697
TZA,Tanzania,Lower middle income,2006,4.9,5.0,22.0,94000.0,96000.0,60.5105982479655,40294902,475.746734619141,3.299,233.2801305733415,238.2435376068169
TZA,Tanzania,Lower middle income,2007,4.8,12.0,64.0,76000.0,88000.0,60.5273132042618,41435512,543.198303222656,3.023,183.41754773055538,212.37821316169567
TZA,Tanzania,Lower middle income,2008,4.7,13.0,77.0,65000.0,87000.0,60.4633876109234,42570728,675.977233886719,2.775,152.6870764343048,204.36577922745414
TZA,Tanzania,Lower middle income,2009,4.6,17.0,89.0,61000.0,88000.0,60.4203153147279,43633982,693.823547363281,2.5,139.79929679578638,201.67767406605248
TZA,Tanzania,Lower middle income,2010,4.6,20.0,62.0,54000.0,89000.0,60.3834354779306,44758488,736.530151367188,3.03,120.64750712758661,198.8449654510224
TZA,Tanzania,Lower middle income,2011,4.6,21.0,80.0,52000.0,93000.0,60.5068972591978,46029367,775.392761230469,3.47,112.97135587374034,202.0449249280356
TZA,Tanzania,Lower middle income,2012,4.5,31.0,100.0,48000.0,91000.0,60.6070481906322,47374260,861.969909667969,3.223,101.320843850648,192.0874331335202
TZA,Tanzania,Lower middle income,2013,4.5,35.0,100.0,40000.0,94000.0,60.9449582875995,48824128,963.05712890625,2.93,81.92670640221164,192.52776004519734
TZA,Tanzania,Lower middle income,2014,4.5,40.0,97.0,38000.0,98000.0,61.5328996329029,50351512,1022.74841308594,2.125,75.46943178190955,194.6316924901878
TZA,Tanzania,Lower middle income,2015,4.5,43.0,94.0,37000.0,100000.0,62.18196467287,52020962,939.127319335938,2.009,71.12517450177104,192.23020135613794
TZA,Tanzania,Lower middle income,2016,4.4,45.0,90.0,37000.0,110000.0,62.9846490412024,53824013,953.0107421875,1.931,68.7425517677398,204.3697484986859
TZA,Tanzania,Lower middle income,2017,4.4,52.0,100.0,38000.0,100000.0,63.6726395891648,55652890,986.674011230469,1.854,68.28037142365832,179.68518795699558
TZA,Tanzania,Lower middle income,2018,4.3,55.0,100.0,36000.0,99000.0,64.3172981039274,57437145,1023.10626220703,1.792,62.677210018011856,172.36232754953264
TZA,Tanzania,Lower middle income,2019,4.2,61.0,100.0,36000.0,91000.0,64.8622163809574,59174891,1063.32250976563,1.735,60.83661396182377,153.78144084794343
TZA,Tanzania,Lower middle income,2020,4.1,67.0,100.0,33000.0,77000.0,65.2549270082777,60972798,1117.41528320313,1.792,54.122495739821545,126.28582339291697
TZA,Tanzania,Lower middle income,2021,4.0,70.0,94.0,30000.0,71000.0,65.5554608079618,62830412,1159.85656738281,1.876,47.747578035935845,113.00260135171484
TZA,Tanzania,Lower middle income,2022,3.9,74.0,94.0,29000.0,62000.0,65.7909629597854,64711821,1207.52062988281,1.573,44.81406882368524,95.80938851960293
TGO,Togo,Lower middle income,2000,3.7,0.0,0.0,5800.0,12000.0,62.6499084470446,4783722,440.420399069497,4.162,121.24450375669825,250.8506974276515
TGO,Togo,Lower middle income,2001,3.7,0.0,0.0,6400.0,11000.0,62.6597914446437,4904144,426.883605884489,4.108,130.50187759576391,224.3001021177192
TGO,Togo,Lower middle income,2002,3.6,0.0,0.0,7000.0,9600.0,62.6744246856818,5027130,479.438373869587,4.087,139.24445956241433,190.96383025702536
TGO,Togo,Lower middle income,2003,3.5,1.0,1.0,7300.0,9000.0,62.6670488616507,5154112,579.728195854724,3.957,141.63448524207467,174.6178585176263
TGO,Togo,Lower middle income,2004,3.4,2.0,2.0,7400.0,8500.0,62.6293071098592,5281320,604.311329116751,3.992,140.11648603000765,160.94461233176554
TGO,Togo,Lower middle income,2005,3.3,5.0,5.0,7200.0,8000.0,62.5452726553419,5413154,595.200212014134,4.149,133.00933245202336,147.78814716891483
TGO,Togo,Lower middle income,2006,3.2,6.0,10.0,6900.0,7400.0,62.4086023465715,5569664,596.249203137762,4.229,123.88539057293224,132.8625927883621
TGO,Togo,Lower middle income,2007,3.0,7.0,11.0,7100.0,7400.0,62.2663150271343,5748443,654.083697666439,3.822,123.5117056914368,128.73051015727214
TGO,Togo,Lower middle income,2008,2.9,10.0,19.0,7000.0,7000.0,62.107127017077,5936138,771.351190404751,3.279,117.9217868587287,117.9217868587287
TGO,Togo,Lower middle income,2009,2.8,15.0,25.0,6400.0,6600.0,61.9318821318472,6130946,770.172869777254,2.847,104.388458159638,107.6505974771267
TGO,Togo,Lower middle income,2010,2.7,22.0,36.0,5500.0,6300.0,61.7509074125027,6325788,750.323421086121,2.379,86.9456896121084,99.59233537386962
TGO,Togo,Lower middle income,2011,2.7,27.0,74.0,4600.0,4900.0,61.583427752093,6500582,834.14671980279,1.982,70.76289476849918,75.37786616644479
TGO,Togo,Lower middle income,2012,2.6,30.0,82.0,4300.0,4300.0,61.6008073309959,6653718,813.611525037432,2.029,64.6255221516752,64.6255221516752
TGO,Togo,Lower middle income,2013,2.5,34.0,87.0,4200.0,3900.0,61.9669623924984,6798848,885.698522723929,2.084,61.7751713231418,57.362659085774524
TGO,Togo,Lower middle income,2014,2.4,37.0,90.0,4100.0,3900.0,62.548984197425,6937644,921.539748631461,2.141,59.097872418936454,56.215049374110286
TGO,Togo,Lower middle income,2015,2.3,44.0,95.0,3800.0,3800.0,63.0908377453048,7071502,813.894676975085,2.204,53.7368157429638,53.7368157429638
TGO,Togo,Lower middle income,2016,2.2,52.0,98.0,3400.0,3600.0,63.6007430735419,7200884,843.114204338675,2.968,47.216425094474516,49.99386186473772
TGO,Togo,Lower middle income,2017,2.2,60.0,83.0,3200.0,4000.0,64.1676597694798,7324386,872.076408845752,3.744,43.68966900433702,54.612086255421275
TGO,Togo,Lower middle income,2018,2.1,66.0,94.0,2900.0,3500.0,64.6914843655312,7458206,942.480774393154,2.9,38.88334540504781,46.928175488850805
TGO,Togo,Lower middle income,2019,2.0,76.0,95.0,2500.0,3300.0,65.0313668567593,7619925,917.718016777619,2.036,32.80872187062209,43.307512869221156
TGO,Togo,Lower middle income,2020,1.9,80.0,82.0,2200.0,3200.0,65.2801189192681,7788054,961.219781201934,2.231,28.248391703498715,41.08856975054359
TGO,Togo,Lower middle income,2021,1.9,81.0,83.0,2000.0,3300.0,65.5174454661175,7936176,1076.29520076949,2.344,25.20105400888287,41.58173911465673
TGO,Togo,Lower middle income,2022,1.8,80.0,87.0,1800.0,3200.0,65.7727893312829,8068616,1071.61539220759,1.965,22.30865863488856,39.65983757313522
UGA,Uganda,Low income,2000,8.5,0.0,0.0,91000.0,100000.0,58.5494054548727,24000150,258.050338731086,3.531,379.1642968898111,416.6640625162759
UGA,Uganda,Low income,2001,8.2,1.0,0.0,91000.0,100000.0,58.5905398581225,24745676,236.021188853993,3.522,367.7410146322129,404.11100509034384
UGA,Uganda,Low income,2002,8.0,1.0,0.0,89000.0,100000.0,58.607940079771,25532870,241.984688408335,3.5,348.57029389958905,391.65201561751576
UGA,Uganda,Low income,2003,7.7,2.0,5.0,87000.0,100000.0,58.6259529290846,26352124,250.71543664681,3.6,330.14416598828996,379.47605286010344
UGA,Uganda,Low income,2004,7.6,5.0,12.0,82000.0,100000.0,58.6449466339068,27154515,292.38185796262,2.699,301.9755646528763,368.2628837230199
UGA,Uganda,Low income,2005,7.5,8.0,19.0,73000.0,100000.0,58.6763756591751,27963289,330.405402707025,1.9,261.0565588332617,357.6117244291256
UGA,Uganda,Low income,2006,7.4,8.0,28.0,70000.0,100000.0,58.7335549999797,28794003,346.518255310647,2.264,243.10617735227714,347.2945390746816
UGA,Uganda,Low income,2007,7.3,10.0,36.0,71000.0,100000.0,58.827240363594,29653430,401.389130865581,2.667,239.4326727127351,337.22911649681
UGA,Uganda,Low income,2008,7.2,14.0,56.0,65000.0,99000.0,58.940651145755,30539553,472.842681495852,3.035,212.8387406325168,324.169774194141
UGA,Uganda,Low income,2009,7.2,16.0,62.0,60000.0,99000.0,59.0609385356725,31451151,798.947089938247,3.6,190.77203247664926,314.7738535864713
UGA,Uganda,Low income,2010,7.2,20.0,37.0,56000.0,96000.0,59.1888067355361,32390802,823.488144282,3.623,172.88858732179585,296.3804354087929
UGA,Uganda,Low income,2011,7.1,23.0,62.0,51000.0,92000.0,59.3269304210369,33354543,835.620060555838,3.523,152.90270953495002,275.82449563167455
UGA,Uganda,Low income,2012,7.1,30.0,99.0,46000.0,84000.0,59.5967632774003,34337438,795.222867553127,3.551,133.9645666051148,244.63094771368787
UGA,Uganda,Low income,2013,7.0,40.0,100.0,41000.0,80000.0,60.0438249040102,35337042,818.285427416713,1.91,116.02555754383742,226.39133179285352
UGA,Uganda,Low income,2014,6.9,49.0,100.0,36000.0,74000.0,60.5203184466333,36395539,896.054795546394,2.357,98.91322120548895,203.32162136683837
UGA,Uganda,Low income,2015,6.8,53.0,100.0,32000.0,71000.0,60.9758587870549,37531446,862.934610355811,2.681,85.2618361679963,189.17469899774179
UGA,Uganda,Low income,2016,6.6,59.0,100.0,30000.0,69000.0,61.4118750356119,38799152,752.696571725656,3.002,77.32127753719979,177.83893833555948
UGA,Uganda,Low income,2017,6.5,67.0,100.0,28000.0,61000.0,61.7833660002064,40177388,765.218332297361,3.428,69.6909415813691,151.82669415941126
UGA,Uganda,Low income,2018,6.3,71.0,100.0,25000.0,53000.0,62.0980827213339,41565831,792.16570022814,3.249,60.14555561273392,127.50857789899594
UGA,Uganda,Low income,2019,6.1,74.0,100.0,23000.0,50000.0,62.3926118725705,42999637,822.171150036357,3.057,53.488823638208856,116.28005138741055
UGA,Uganda,Low income,2020,5.8,76.0,100.0,22000.0,48000.0,62.6789985224732,44457152,845.766463890124,3.819,49.48585100548052,107.96912946650293
UGA,Uganda,Low income,2021,5.6,78.0,100.0,22000.0,48000.0,62.9530478070124,45910930,882.791717542504,3.416,47.91887247764312,104.55026722394864
UGA,Uganda,Low income,2022,5.4,80.0,95.0,22000.0,45000.0,63.2152823151873,47312719,963.067314117178,2.885,46.49912426297038,95.11184508334851
ZMB,Zambia,Lower middle income,2000,13.5,0.0,0.0,56000.0,77000.0,62.2037486695601,10017631,359.429500988221,12.93,559.014401708348,768.6448023489785
ZMB,Zambia,Lower middle income,2001,13.2,0.0,0.0,59000.0,75000.0,62.1515662071693,10325185,396.548952993504,13.404,571.4183329402814,726.3792367884934
ZMB,Zambia,Lower middle income,2002,12.9,0.0,0.0,62000.0,75000.0,62.1418314775337,10647949,393.864625518616,14.131,582.2717595660911,704.3609994751102
ZMB,Zambia,Lower middle income,2003,12.6,2.0,0.0,61000.0,74000.0,62.0490538275016,10983595,446.290104839041,14.704,555.3737187141369,673.7320522105922
ZMB,Zambia,Lower middle income,2004,12.3,4.0,12.0,58000.0,71000.0,61.9815325070803,11338198,548.685974566277,15.332,511.5451326568825,626.2018003213561
ZMB,Zambia,Lower middle income,2005,12.1,7.0,32.0,55000.0,68000.0,61.8221688420883,11718819,710.982068171696,15.9,469.33056991493766,580.2632500766503
ZMB,Zambia,Lower middle income,2006,11.9,10.0,43.0,50000.0,66000.0,61.6906634979251,12129553,1051.71714895686,13.229,412.2163446583728,544.1255749490522
ZMB,Zambia,Lower middle income,2007,11.7,19.0,46.0,42000.0,64000.0,61.5332597211242,12565085,1118.73162626953,10.559,334.2595772332619,509.3479272125895
ZMB,Zambia,Lower middle income,2008,11.7,26.0,66.0,33000.0,59000.0,61.4387549264297,13021324,1375.50211006997,7.93,253.43044992966918,453.1029256318328
ZMB,Zambia,Lower middle income,2009,11.7,31.0,77.0,27000.0,60000.0,61.3375295128097,13490389,1136.24168316848,10.583,200.1424866251077,444.7610813891282
ZMB,Zambia,Lower middle income,2010,11.7,37.0,64.0,26000.0,63000.0,61.3074831294135,13965594,1451.10616017155,13.19,186.1718162507087,451.10863168440954
ZMB,Zambia,Lower middle income,2011,11.7,43.0,67.0,25000.0,65000.0,61.3208815054617,14437796,1624.86817763443,10.548,173.15662307460224,450.20721999396585
ZMB,Zambia,Lower middle income,2012,11.8,47.0,71.0,23000.0,68000.0,61.387894353944,14913629,1710.05061343728,7.85,154.22135014891413,455.9587743533113
ZMB,Zambia,Lower middle income,2013,11.8,53.0,80.0,22000.0,71000.0,61.4463586688617,15398997,1820.71854827391,7.272,142.86644773032944,461.0689904024269
ZMB,Zambia,Lower middle income,2014,11.9,59.0,85.0,22000.0,72000.0,61.4722244801215,15895315,1707.48573136694,6.576,138.4055616387596,452.9636562723041
ZMB,Zambia,Lower middle income,2015,11.9,65.0,79.0,22000.0,74000.0,61.5475777697451,16399089,1295.87788680068,5.951,134.15379354304375,451.2445782811472
ZMB,Zambia,Lower middle income,2016,11.8,66.0,84.0,20000.0,75000.0,61.6749798866149,16914423,1239.08527877713,5.244,118.24228352335754,443.4085632125908
ZMB,Zambia,Lower middle income,2017,11.8,67.0,89.0,20000.0,75000.0,61.8291909823334,17441320,1483.46577328065,4.529,114.67021991454776,430.0133246795541
ZMB,Zambia,Lower middle income,2018,11.7,74.0,89.0,22000.0,70000.0,62.0561198558269,17973569,1463.89997855593,5.032,122.4019558942356,389.460768754386
ZMB,Zambia,Lower middle income,2019,11.5,80.0,100.0,23000.0,59000.0,62.2911818738464,18513839,1258.98619844462,5.538,124.23139252750336,318.68052865750855
ZMB,Zambia,Lower middle income,2020,11.1,87.0,98.0,22000.0,48000.0,62.5399554118594,19059395,951.644316655957,6.032,115.42863768760762,251.84430040932568
ZMB,Zambia,Lower middle income,2021,10.7,87.0,93.0,20000.0,42000.0,62.7834559845472,19603607,1127.16077872857,5.197,102.02204114783571,214.24628641045496
ZMB,Zambia,Lower middle income,2022,10.3,92.0,91.0,18000.0,38000.0,63.0224092153667,20152938,1447.12310138035,5.993,89.31700181879188,188.55811495078285
ZWE,Zimbabwe,Lower middle income,2000,25.8,2.0,0.0,150000.0,130000.0,55.7740032427913,11892055,562.833757496076,5.685,1261.3463358519616,1093.1668244050334
ZWE,Zimbabwe,Lower middle income,2001,24.5,2.0,0.0,150000.0,120000.0,56.0062783516245,11971901,566.388746448872,5.313,1252.9338490186312,1002.3470792149049
ZWE,Zimbabwe,Lower middle income,2002,23.2,2.0,2.0,150000.0,110000.0,56.2282597651269,12087653,524.936478570323,5.005,1240.9356886733926,910.0195050271545
ZWE,Zimbabwe,Lower middle income,2003,21.9,2.0,8.0,150000.0,110000.0,56.4281754492924,12232323,468.471932927213,4.738,1226.2593131329184,899.2568296308068
ZWE,Zimbabwe,Lower middle income,2004,20.6,3.0,7.0,150000.0,100000.0,56.600218799147,12365896,469.719298949304,4.39,1213.0135980441692,808.6757320294461
ZWE,Zimbabwe,Lower middle income,2005,19.5,3.0,11.0,140000.0,96000.0,56.7528281040182,12483432,461.271387547912,4.632,1121.486463017542,769.0192889263145
ZWE,Zimbabwe,Lower middle income,2006,18.6,4.0,13.0,120000.0,93000.0,56.8634663315863,12636445,431.034994414964,4.767,949.6341732188127,735.9664842445799
ZWE,Zimbabwe,Lower middle income,2007,17.8,7.0,22.0,110000.0,88000.0,56.9271929869549,12804058,413.521244592925,5.008,859.1026376169181,687.2821100935344
ZWE,Zimbabwe,Lower middle income,2008,17.1,11.0,36.0,100000.0,83000.0,56.9383695710233,12959149,340.917447588572,5.401,771.65560794154,640.4741545914782
ZWE,Zimbabwe,Lower middle income,2009,16.6,16.0,43.0,90000.0,81000.0,56.9290464005499,13142790,735.821693871697,5.476,684.7861070594599,616.307496353514
ZWE,Zimbabwe,Lower middle income,2010,16.3,26.0,29.0,75000.0,76000.0,57.6563436500654,13356548,902.010759067388,5.469,561.5223334652038,569.0092979114065
ZWE,Zimbabwe,Lower middle income,2011,16.0,35.0,48.0,58000.0,63000.0,57.8532021020021,13595424,1037.77565157218,5.368,426.6141313430166,463.3912116312077
ZWE,Zimbabwe,Lower middle income,2012,15.6,41.0,74.0,46000.0,56000.0,58.1340415442752,13817887,1239.22709745709,5.057,332.901839478062,405.27180458198853
ZWE,Zimbabwe,Lower middle income,2013,15.3,48.0,73.0,39000.0,52000.0,58.3738759593901,14013808,1362.99498323368,4.948,278.29694826702354,371.0625976893647
ZWE,Zimbabwe,Lower middle income,2014,14.9,55.0,81.0,34000.0,45000.0,58.5122747302804,14207359,1372.91526173161,4.774,239.31259849209133,316.73726271012083
ZWE,Zimbabwe,Lower middle income,2015,14.5,61.0,81.0,33000.0,42000.0,58.6879008237,14399013,1387.12632595026,5.399,229.18237520863408,291.6866593564434
ZWE,Zimbabwe,Lower middle income,2016,14.1,67.0,87.0,30000.0,39000.0,58.9166358351263,14600294,1408.13945253431,5.896,205.47531440120312,267.1179087215641
ZWE,Zimbabwe,Lower middle income,2017,13.6,76.0,91.0,28000.0,31000.0,59.1317873339441,14812482,3445.44941020134,6.35,189.02976557203579,209.2829547404682
ZWE,Zimbabwe,Lower middle income,2018,13.1,79.0,94.0,25000.0,24000.0,59.318578645575,15034452,2270.89531874302,6.788,166.28474386695305,159.63335411227493
ZWE,Zimbabwe,Lower middle income,2019,12.5,85.0,95.0,23000.0,21000.0,59.4952483720596,15271368,2184.52155388801,7.373,150.60864226439963,137.51223858923444
ZWE,Zimbabwe,Lower middle income,2020,12.0,88.0,90.0,22000.0,18000.0,59.6750189518017,15526888,2059.63704025274,8.617,141.68969338865585,115.92793095435479
ZWE,Zimbabwe,Lower middle income,2021,11.5,89.0,87.0,20000.0,21000.0,59.8325774040926,15797210,2613.6167414057,9.54,126.60463461585938,132.93486634665234
ZWE,Zimbabwe,Lower middle income,2022,10.9,93.0,86.0,20000.0,17000.0,59.9552834890106,16069056,2536.40197087505,10.087,124.46281847545993,105.79339570414093
